{
    "logs": [
        {
            "outputFile": "/Users/naseemhamed/AndroidStudioProjects/MomentumDrawer/app/build/intermediates/incremental/mergeDebugResources/merged.dir/values-b+sr+Latn/values-b+sr+Latn.xml",
            "map": [
                {
                    "source": "/Users/naseemhamed/.gradle/caches/transforms-2/files-2.1/697f71c0c12135256cbfe98df498a7e4/appcompat-1.0.2/res/values-b+sr+Latn/values-b+sr+Latn.xml",
                    "from": {
                        "startLines": "2,3,4,5,6,7,8,9,10,11,12,13,14,15,16,17,18,19,20,21,22,23,24,25,26,27,28,29",
                        "startColumns": "4,4,4,4,4,4,4,4,4,4,4,4,4,4,4,4,4,4,4,4,4,4,4,4,4,4,4,4",
                        "startOffsets": "105,214,318,424,510,614,732,814,895,986,1079,1175,1269,1370,1463,1558,1663,1754,1845,1933,2039,2147,2248,2353,2461,2562,2731,2828",
                        "endColumns": "108,103,105,85,103,117,81,80,90,92,95,93,100,92,94,104,90,90,87,105,107,100,104,107,100,168,96,83",
                        "endOffsets": "209,313,419,505,609,727,809,890,981,1074,1170,1264,1365,1458,1553,1658,1749,1840,1928,2034,2142,2243,2348,2456,2557,2726,2823,2907"
                    },
                    "to": {
                        "startLines": "2,3,4,5,6,7,8,9,10,11,12,13,14,15,16,17,18,19,20,21,22,23,24,25,26,27,28,31",
                        "startColumns": "4,4,4,4,4,4,4,4,4,4,4,4,4,4,4,4,4,4,4,4,4,4,4,4,4,4,4,4",
                        "startOffsets": "105,214,318,424,510,614,732,814,895,986,1079,1175,1269,1370,1463,1558,1663,1754,1845,1933,2039,2147,2248,2353,2461,2562,2731,3058",
                        "endColumns": "108,103,105,85,103,117,81,80,90,92,95,93,100,92,94,104,90,90,87,105,107,100,104,107,100,168,96,83",
                        "endOffsets": "209,313,419,505,609,727,809,890,981,1074,1170,1264,1365,1458,1553,1658,1749,1840,1928,2034,2142,2243,2348,2456,2557,2726,2823,3137"
                    }
                },
                {
                    "source": "/Users/naseemhamed/.gradle/caches/transforms-2/files-2.1/5f3e94dac9e0a5a8e5257f851df7be62/jetified-navigation-ui-2.0.0/res/values-b+sr+Latn/values-b+sr+Latn.xml",
                    "from": {
                        "startLines": "2,3",
                        "startColumns": "4,4",
                        "startOffsets": "55,162",
                        "endColumns": "106,122",
                        "endOffsets": "157,280"
                    },
                    "to": {
                        "startLines": "29,30",
                        "startColumns": "4,4",
                        "startOffsets": "2828,2935",
                        "endColumns": "106,122",
                        "endOffsets": "2930,3053"
                    }
                },
                {
                    "source": "/Users/naseemhamed/.gradle/caches/transforms-2/files-2.1/8f8ab13dc8f4e84e14a8bb3d9ac92bc4/core-1.0.1/res/values-b+sr+Latn/values-b+sr+Latn.xml",
                    "from": {
                        "startLines": "2",
                        "startColumns": "4",
                        "startOffsets": "55",
                        "endColumns": "100",
                        "endOffsets": "151"
                    },
                    "to": {
                        "startLines": "32",
                        "startColumns": "4",
                        "startOffsets": "3142",
                        "endColumns": "100",
                        "endOffsets": "3238"
                    }
                }
            ]
        }
    ]
}