{
    "logs": [
        {
            "outputFile": "/Users/naseemhamed/AndroidStudioProjects/MomentumDrawer/app/build/intermediates/incremental/mergeDebugResources/merged.dir/values-es/values-es.xml",
            "map": [
                {
                    "source": "/Users/naseemhamed/.gradle/caches/transforms-2/files-2.1/8f8ab13dc8f4e84e14a8bb3d9ac92bc4/core-1.0.1/res/values-es/values-es.xml",
                    "from": {
                        "startLines": "2",
                        "startColumns": "4",
                        "startOffsets": "55",
                        "endColumns": "100",
                        "endOffsets": "151"
                    },
                    "to": {
                        "startLines": "32",
                        "startColumns": "4",
                        "startOffsets": "3163",
                        "endColumns": "100",
                        "endOffsets": "3259"
                    }
                },
                {
                    "source": "/Users/naseemhamed/.gradle/caches/transforms-2/files-2.1/5f3e94dac9e0a5a8e5257f851df7be62/jetified-navigation-ui-2.0.0/res/values-es/values-es.xml",
                    "from": {
                        "startLines": "2,3",
                        "startColumns": "4,4",
                        "startOffsets": "55,174",
                        "endColumns": "118,119",
                        "endOffsets": "169,289"
                    },
                    "to": {
                        "startLines": "29,30",
                        "startColumns": "4,4",
                        "startOffsets": "2842,2961",
                        "endColumns": "118,119",
                        "endOffsets": "2956,3076"
                    }
                },
                {
                    "source": "/Users/naseemhamed/.gradle/caches/transforms-2/files-2.1/697f71c0c12135256cbfe98df498a7e4/appcompat-1.0.2/res/values-es/values-es.xml",
                    "from": {
                        "startLines": "2,3,4,5,6,7,8,9,10,11,12,13,14,15,16,17,18,19,20,21,22,23,24,25,26,27,28,29",
                        "startColumns": "4,4,4,4,4,4,4,4,4,4,4,4,4,4,4,4,4,4,4,4,4,4,4,4,4,4,4,4",
                        "startOffsets": "105,222,335,443,528,629,757,842,924,1016,1110,1208,1302,1403,1497,1593,1689,1781,1873,1955,2062,2162,2261,2369,2476,2583,2742,2842",
                        "endColumns": "116,112,107,84,100,127,84,81,91,93,97,93,100,93,95,95,91,91,81,106,99,98,107,106,106,158,99,81",
                        "endOffsets": "217,330,438,523,624,752,837,919,1011,1105,1203,1297,1398,1492,1588,1684,1776,1868,1950,2057,2157,2256,2364,2471,2578,2737,2837,2919"
                    },
                    "to": {
                        "startLines": "2,3,4,5,6,7,8,9,10,11,12,13,14,15,16,17,18,19,20,21,22,23,24,25,26,27,28,31",
                        "startColumns": "4,4,4,4,4,4,4,4,4,4,4,4,4,4,4,4,4,4,4,4,4,4,4,4,4,4,4,4",
                        "startOffsets": "105,222,335,443,528,629,757,842,924,1016,1110,1208,1302,1403,1497,1593,1689,1781,1873,1955,2062,2162,2261,2369,2476,2583,2742,3081",
                        "endColumns": "116,112,107,84,100,127,84,81,91,93,97,93,100,93,95,95,91,91,81,106,99,98,107,106,106,158,99,81",
                        "endOffsets": "217,330,438,523,624,752,837,919,1011,1105,1203,1297,1398,1492,1588,1684,1776,1868,1950,2057,2157,2256,2364,2471,2578,2737,2837,3158"
                    }
                }
            ]
        }
    ]
}