{
    "logs": [
        {
            "outputFile": "/Users/naseemhamed/AndroidStudioProjects/MomentumDrawer/app/build/intermediates/incremental/mergeDebugResources/merged.dir/values-hi/values-hi.xml",
            "map": [
                {
                    "source": "/Users/naseemhamed/.gradle/caches/transforms-2/files-2.1/5f3e94dac9e0a5a8e5257f851df7be62/jetified-navigation-ui-2.0.0/res/values-hi/values-hi.xml",
                    "from": {
                        "startLines": "2,3",
                        "startColumns": "4,4",
                        "startOffsets": "55,159",
                        "endColumns": "103,113",
                        "endOffsets": "154,268"
                    },
                    "to": {
                        "startLines": "29,30",
                        "startColumns": "4,4",
                        "startOffsets": "2812,2916",
                        "endColumns": "103,113",
                        "endOffsets": "2911,3025"
                    }
                },
                {
                    "source": "/Users/naseemhamed/.gradle/caches/transforms-2/files-2.1/8f8ab13dc8f4e84e14a8bb3d9ac92bc4/core-1.0.1/res/values-hi/values-hi.xml",
                    "from": {
                        "startLines": "2",
                        "startColumns": "4",
                        "startOffsets": "55",
                        "endColumns": "100",
                        "endOffsets": "151"
                    },
                    "to": {
                        "startLines": "32",
                        "startColumns": "4",
                        "startOffsets": "3110",
                        "endColumns": "100",
                        "endOffsets": "3206"
                    }
                },
                {
                    "source": "/Users/naseemhamed/.gradle/caches/transforms-2/files-2.1/697f71c0c12135256cbfe98df498a7e4/appcompat-1.0.2/res/values-hi/values-hi.xml",
                    "from": {
                        "startLines": "2,3,4,5,6,7,8,9,10,11,12,13,14,15,16,17,18,19,20,21,22,23,24,25,26,27,28,29",
                        "startColumns": "4,4,4,4,4,4,4,4,4,4,4,4,4,4,4,4,4,4,4,4,4,4,4,4,4,4,4,4",
                        "startOffsets": "105,211,308,418,504,606,728,805,883,974,1067,1163,1257,1358,1451,1546,1640,1731,1822,1912,2021,2124,2226,2336,2437,2549,2711,2812",
                        "endColumns": "105,96,109,85,101,121,76,77,90,92,95,93,100,92,94,93,90,90,89,108,102,101,109,100,111,161,100,79",
                        "endOffsets": "206,303,413,499,601,723,800,878,969,1062,1158,1252,1353,1446,1541,1635,1726,1817,1907,2016,2119,2221,2331,2432,2544,2706,2807,2887"
                    },
                    "to": {
                        "startLines": "2,3,4,5,6,7,8,9,10,11,12,13,14,15,16,17,18,19,20,21,22,23,24,25,26,27,28,31",
                        "startColumns": "4,4,4,4,4,4,4,4,4,4,4,4,4,4,4,4,4,4,4,4,4,4,4,4,4,4,4,4",
                        "startOffsets": "105,211,308,418,504,606,728,805,883,974,1067,1163,1257,1358,1451,1546,1640,1731,1822,1912,2021,2124,2226,2336,2437,2549,2711,3030",
                        "endColumns": "105,96,109,85,101,121,76,77,90,92,95,93,100,92,94,93,90,90,89,108,102,101,109,100,111,161,100,79",
                        "endOffsets": "206,303,413,499,601,723,800,878,969,1062,1158,1252,1353,1446,1541,1635,1726,1817,1907,2016,2119,2221,2331,2432,2544,2706,2807,3105"
                    }
                }
            ]
        }
    ]
}