{
    "logs": [
        {
            "outputFile": "/Users/naseemhamed/AndroidStudioProjects/MomentumDrawer/app/build/intermediates/incremental/mergeDebugResources/merged.dir/values-watch-v20/values-watch-v20.xml",
            "map": [
                {
                    "source": "/Users/naseemhamed/.gradle/caches/transforms-2/files-2.1/697f71c0c12135256cbfe98df498a7e4/appcompat-1.0.2/res/values-watch-v20/values-watch-v20.xml",
                    "from": {
                        "startLines": "2,5,8",
                        "startColumns": "4,4,4",
                        "startOffsets": "55,214,385",
                        "endLines": "4,7,10",
                        "endColumns": "12,12,12",
                        "endOffsets": "209,380,553"
                    }
                }
            ]
        }
    ]
}