{
    "logs": [
        {
            "outputFile": "/Users/naseemhamed/AndroidStudioProjects/MomentumDrawer/app/build/intermediates/incremental/mergeDebugResources/merged.dir/values-ka/values-ka.xml",
            "map": [
                {
                    "source": "/Users/naseemhamed/.gradle/caches/transforms-2/files-2.1/697f71c0c12135256cbfe98df498a7e4/appcompat-1.0.2/res/values-ka/values-ka.xml",
                    "from": {
                        "startLines": "2,3,4,5,6,7,8,9,10,11,12,13,14,15,16,17,18,19,20,21,22,23,24,25,26,27,28,29",
                        "startColumns": "4,4,4,4,4,4,4,4,4,4,4,4,4,4,4,4,4,4,4,4,4,4,4,4,4,4,4,4",
                        "startOffsets": "105,214,318,429,517,622,735,819,901,992,1085,1180,1276,1377,1470,1565,1659,1750,1841,1924,2037,2144,2242,2355,2459,2563,2720,2818",
                        "endColumns": "108,103,110,87,104,112,83,81,90,92,94,95,100,92,94,93,90,90,82,112,106,97,112,103,103,156,97,80",
                        "endOffsets": "209,313,424,512,617,730,814,896,987,1080,1175,1271,1372,1465,1560,1654,1745,1836,1919,2032,2139,2237,2350,2454,2558,2715,2813,2894"
                    },
                    "to": {
                        "startLines": "2,3,4,5,6,7,8,9,10,11,12,13,14,15,16,17,18,19,20,21,22,23,24,25,26,27,28,31",
                        "startColumns": "4,4,4,4,4,4,4,4,4,4,4,4,4,4,4,4,4,4,4,4,4,4,4,4,4,4,4,4",
                        "startOffsets": "105,214,318,429,517,622,735,819,901,992,1085,1180,1276,1377,1470,1565,1659,1750,1841,1924,2037,2144,2242,2355,2459,2563,2720,3045",
                        "endColumns": "108,103,110,87,104,112,83,81,90,92,94,95,100,92,94,93,90,90,82,112,106,97,112,103,103,156,97,80",
                        "endOffsets": "209,313,424,512,617,730,814,896,987,1080,1175,1271,1372,1465,1560,1654,1745,1836,1919,2032,2139,2237,2350,2454,2558,2715,2813,3121"
                    }
                },
                {
                    "source": "/Users/naseemhamed/.gradle/caches/transforms-2/files-2.1/8f8ab13dc8f4e84e14a8bb3d9ac92bc4/core-1.0.1/res/values-ka/values-ka.xml",
                    "from": {
                        "startLines": "2",
                        "startColumns": "4",
                        "startOffsets": "55",
                        "endColumns": "100",
                        "endOffsets": "151"
                    },
                    "to": {
                        "startLines": "32",
                        "startColumns": "4",
                        "startOffsets": "3126",
                        "endColumns": "100",
                        "endOffsets": "3222"
                    }
                },
                {
                    "source": "/Users/naseemhamed/.gradle/caches/transforms-2/files-2.1/5f3e94dac9e0a5a8e5257f851df7be62/jetified-navigation-ui-2.0.0/res/values-ka/values-ka.xml",
                    "from": {
                        "startLines": "2,3",
                        "startColumns": "4,4",
                        "startOffsets": "55,164",
                        "endColumns": "108,117",
                        "endOffsets": "159,277"
                    },
                    "to": {
                        "startLines": "29,30",
                        "startColumns": "4,4",
                        "startOffsets": "2818,2927",
                        "endColumns": "108,117",
                        "endOffsets": "2922,3040"
                    }
                }
            ]
        }
    ]
}