{
    "logs": [
        {
            "outputFile": "/Users/naseemhamed/AndroidStudioProjects/MomentumDrawer/app/build/intermediates/incremental/mergeDebugResources/merged.dir/values-watch-v21/values-watch-v21.xml",
            "map": [
                {
                    "source": "/Users/naseemhamed/.gradle/caches/transforms-2/files-2.1/697f71c0c12135256cbfe98df498a7e4/appcompat-1.0.2/res/values-watch-v21/values-watch-v21.xml",
                    "from": {
                        "startLines": "2,6,10",
                        "startColumns": "4,4,4",
                        "startOffsets": "55,271,499",
                        "endLines": "5,9,13",
                        "endColumns": "12,12,12",
                        "endOffsets": "266,494,724"
                    }
                }
            ]
        }
    ]
}