{
    "logs": [
        {
            "outputFile": "/Users/naseemhamed/AndroidStudioProjects/MomentumDrawer/app/build/intermediates/incremental/mergeDebugResources/merged.dir/values-el/values-el.xml",
            "map": [
                {
                    "source": "/Users/naseemhamed/.gradle/caches/transforms-2/files-2.1/8f8ab13dc8f4e84e14a8bb3d9ac92bc4/core-1.0.1/res/values-el/values-el.xml",
                    "from": {
                        "startLines": "2",
                        "startColumns": "4",
                        "startOffsets": "55",
                        "endColumns": "100",
                        "endOffsets": "151"
                    },
                    "to": {
                        "startLines": "32",
                        "startColumns": "4",
                        "startOffsets": "3203",
                        "endColumns": "100",
                        "endOffsets": "3299"
                    }
                },
                {
                    "source": "/Users/naseemhamed/.gradle/caches/transforms-2/files-2.1/697f71c0c12135256cbfe98df498a7e4/appcompat-1.0.2/res/values-el/values-el.xml",
                    "from": {
                        "startLines": "2,3,4,5,6,7,8,9,10,11,12,13,14,15,16,17,18,19,20,21,22,23,24,25,26,27,28,29",
                        "startColumns": "4,4,4,4,4,4,4,4,4,4,4,4,4,4,4,4,4,4,4,4,4,4,4,4,4,4,4,4",
                        "startOffsets": "105,223,334,451,536,641,767,855,941,1032,1125,1221,1315,1416,1509,1604,1701,1792,1883,1968,2079,2189,2291,2402,2511,2619,2779,2879",
                        "endColumns": "117,110,116,84,104,125,87,85,90,92,95,93,100,92,94,96,90,90,84,110,109,101,110,108,107,159,99,84",
                        "endOffsets": "218,329,446,531,636,762,850,936,1027,1120,1216,1310,1411,1504,1599,1696,1787,1878,1963,2074,2184,2286,2397,2506,2614,2774,2874,2959"
                    },
                    "to": {
                        "startLines": "2,3,4,5,6,7,8,9,10,11,12,13,14,15,16,17,18,19,20,21,22,23,24,25,26,27,28,31",
                        "startColumns": "4,4,4,4,4,4,4,4,4,4,4,4,4,4,4,4,4,4,4,4,4,4,4,4,4,4,4,4",
                        "startOffsets": "105,223,334,451,536,641,767,855,941,1032,1125,1221,1315,1416,1509,1604,1701,1792,1883,1968,2079,2189,2291,2402,2511,2619,2779,3118",
                        "endColumns": "117,110,116,84,104,125,87,85,90,92,95,93,100,92,94,96,90,90,84,110,109,101,110,108,107,159,99,84",
                        "endOffsets": "218,329,446,531,636,762,850,936,1027,1120,1216,1310,1411,1504,1599,1696,1787,1878,1963,2074,2184,2286,2397,2506,2614,2774,2874,3198"
                    }
                },
                {
                    "source": "/Users/naseemhamed/.gradle/caches/transforms-2/files-2.1/5f3e94dac9e0a5a8e5257f851df7be62/jetified-navigation-ui-2.0.0/res/values-el/values-el.xml",
                    "from": {
                        "startLines": "2,3",
                        "startColumns": "4,4",
                        "startOffsets": "55,172",
                        "endColumns": "116,121",
                        "endOffsets": "167,289"
                    },
                    "to": {
                        "startLines": "29,30",
                        "startColumns": "4,4",
                        "startOffsets": "2879,2996",
                        "endColumns": "116,121",
                        "endOffsets": "2991,3113"
                    }
                }
            ]
        }
    ]
}