{
    "logs": [
        {
            "outputFile": "/Users/naseemhamed/AndroidStudioProjects/MomentumDrawer/app/build/intermediates/incremental/mergeDebugResources/merged.dir/values-land/values-land.xml",
            "map": [
                {
                    "source": "/Users/naseemhamed/.gradle/caches/transforms-2/files-2.1/c7eb9cd3508ac3959447c14fd76c9fb9/material-1.0.0/res/values-land/values-land.xml",
                    "from": {
                        "startLines": "2",
                        "startColumns": "4",
                        "startOffsets": "55",
                        "endLines": "5",
                        "endColumns": "10",
                        "endOffsets": "222"
                    },
                    "to": {
                        "startLines": "5",
                        "startColumns": "4",
                        "startOffsets": "264",
                        "endLines": "8",
                        "endColumns": "10",
                        "endOffsets": "431"
                    }
                },
                {
                    "source": "/Users/naseemhamed/.gradle/caches/transforms-2/files-2.1/697f71c0c12135256cbfe98df498a7e4/appcompat-1.0.2/res/values-land/values-land.xml",
                    "from": {
                        "startLines": "2,3,4",
                        "startColumns": "4,4,4",
                        "startOffsets": "55,125,196",
                        "endColumns": "69,70,67",
                        "endOffsets": "120,191,259"
                    }
                }
            ]
        }
    ]
}