{
    "logs": [
        {
            "outputFile": "/Users/naseemhamed/AndroidStudioProjects/MomentumDrawer/app/build/intermediates/incremental/mergeDebugResources/merged.dir/values-ky/values-ky.xml",
            "map": [
                {
                    "source": "/Users/naseemhamed/.gradle/caches/transforms-2/files-2.1/697f71c0c12135256cbfe98df498a7e4/appcompat-1.0.2/res/values-ky/values-ky.xml",
                    "from": {
                        "startLines": "2,3,4,5,6,7,8,9,10,11,12,13,14,15,16,17,18,19,20,21,22,23,24,25,26,27,28,29",
                        "startColumns": "4,4,4,4,4,4,4,4,4,4,4,4,4,4,4,4,4,4,4,4,4,4,4,4,4,4,4,4",
                        "startOffsets": "105,209,304,423,507,614,731,809,888,979,1072,1168,1262,1363,1456,1551,1646,1737,1828,1909,2019,2126,2224,2330,2437,2538,2699,2802",
                        "endColumns": "103,94,118,83,106,116,77,78,90,92,95,93,100,92,94,94,90,90,80,109,106,97,105,106,100,160,102,80",
                        "endOffsets": "204,299,418,502,609,726,804,883,974,1067,1163,1257,1358,1451,1546,1641,1732,1823,1904,2014,2121,2219,2325,2432,2533,2694,2797,2878"
                    },
                    "to": {
                        "startLines": "2,3,4,5,6,7,8,9,10,11,12,13,14,15,16,17,18,19,20,21,22,23,24,25,26,27,28,31",
                        "startColumns": "4,4,4,4,4,4,4,4,4,4,4,4,4,4,4,4,4,4,4,4,4,4,4,4,4,4,4,4",
                        "startOffsets": "105,209,304,423,507,614,731,809,888,979,1072,1168,1262,1363,1456,1551,1646,1737,1828,1909,2019,2126,2224,2330,2437,2538,2699,3030",
                        "endColumns": "103,94,118,83,106,116,77,78,90,92,95,93,100,92,94,94,90,90,80,109,106,97,105,106,100,160,102,80",
                        "endOffsets": "204,299,418,502,609,726,804,883,974,1067,1163,1257,1358,1451,1546,1641,1732,1823,1904,2014,2121,2219,2325,2432,2533,2694,2797,3106"
                    }
                },
                {
                    "source": "/Users/naseemhamed/.gradle/caches/transforms-2/files-2.1/8f8ab13dc8f4e84e14a8bb3d9ac92bc4/core-1.0.1/res/values-ky/values-ky.xml",
                    "from": {
                        "startLines": "2",
                        "startColumns": "4",
                        "startOffsets": "55",
                        "endColumns": "100",
                        "endOffsets": "151"
                    },
                    "to": {
                        "startLines": "32",
                        "startColumns": "4",
                        "startOffsets": "3111",
                        "endColumns": "100",
                        "endOffsets": "3207"
                    }
                },
                {
                    "source": "/Users/naseemhamed/.gradle/caches/transforms-2/files-2.1/5f3e94dac9e0a5a8e5257f851df7be62/jetified-navigation-ui-2.0.0/res/values-ky/values-ky.xml",
                    "from": {
                        "startLines": "2,3",
                        "startColumns": "4,4",
                        "startOffsets": "55,165",
                        "endColumns": "109,117",
                        "endOffsets": "160,278"
                    },
                    "to": {
                        "startLines": "29,30",
                        "startColumns": "4,4",
                        "startOffsets": "2802,2912",
                        "endColumns": "109,117",
                        "endOffsets": "2907,3025"
                    }
                }
            ]
        }
    ]
}