{
    "logs": [
        {
            "outputFile": "/Users/naseemhamed/AndroidStudioProjects/MomentumDrawer/app/build/intermediates/incremental/mergeDebugResources/merged.dir/values-ms/values-ms.xml",
            "map": [
                {
                    "source": "/Users/naseemhamed/.gradle/caches/transforms-2/files-2.1/8f8ab13dc8f4e84e14a8bb3d9ac92bc4/core-1.0.1/res/values-ms/values-ms.xml",
                    "from": {
                        "startLines": "2",
                        "startColumns": "4",
                        "startOffsets": "55",
                        "endColumns": "100",
                        "endOffsets": "151"
                    },
                    "to": {
                        "startLines": "32",
                        "startColumns": "4",
                        "startOffsets": "3105",
                        "endColumns": "100",
                        "endOffsets": "3201"
                    }
                },
                {
                    "source": "/Users/naseemhamed/.gradle/caches/transforms-2/files-2.1/5f3e94dac9e0a5a8e5257f851df7be62/jetified-navigation-ui-2.0.0/res/values-ms/values-ms.xml",
                    "from": {
                        "startLines": "2,3",
                        "startColumns": "4,4",
                        "startOffsets": "55,166",
                        "endColumns": "110,112",
                        "endOffsets": "161,274"
                    },
                    "to": {
                        "startLines": "29,30",
                        "startColumns": "4,4",
                        "startOffsets": "2801,2912",
                        "endColumns": "110,112",
                        "endOffsets": "2907,3020"
                    }
                },
                {
                    "source": "/Users/naseemhamed/.gradle/caches/transforms-2/files-2.1/697f71c0c12135256cbfe98df498a7e4/appcompat-1.0.2/res/values-ms/values-ms.xml",
                    "from": {
                        "startLines": "2,3,4,5,6,7,8,9,10,11,12,13,14,15,16,17,18,19,20,21,22,23,24,25,26,27,28,29",
                        "startColumns": "4,4,4,4,4,4,4,4,4,4,4,4,4,4,4,4,4,4,4,4,4,4,4,4,4,4,4,4",
                        "startOffsets": "105,216,321,429,516,620,731,809,888,979,1072,1167,1261,1360,1453,1548,1642,1733,1824,1904,2016,2125,2222,2331,2434,2541,2700,2801",
                        "endColumns": "110,104,107,86,103,110,77,78,90,92,94,93,98,92,94,93,90,90,79,111,108,96,108,102,106,158,100,79",
                        "endOffsets": "211,316,424,511,615,726,804,883,974,1067,1162,1256,1355,1448,1543,1637,1728,1819,1899,2011,2120,2217,2326,2429,2536,2695,2796,2876"
                    },
                    "to": {
                        "startLines": "2,3,4,5,6,7,8,9,10,11,12,13,14,15,16,17,18,19,20,21,22,23,24,25,26,27,28,31",
                        "startColumns": "4,4,4,4,4,4,4,4,4,4,4,4,4,4,4,4,4,4,4,4,4,4,4,4,4,4,4,4",
                        "startOffsets": "105,216,321,429,516,620,731,809,888,979,1072,1167,1261,1360,1453,1548,1642,1733,1824,1904,2016,2125,2222,2331,2434,2541,2700,3025",
                        "endColumns": "110,104,107,86,103,110,77,78,90,92,94,93,98,92,94,93,90,90,79,111,108,96,108,102,106,158,100,79",
                        "endOffsets": "211,316,424,511,615,726,804,883,974,1067,1162,1256,1355,1448,1543,1637,1728,1819,1899,2011,2120,2217,2326,2429,2536,2695,2796,3100"
                    }
                }
            ]
        }
    ]
}