{
    "logs": [
        {
            "outputFile": "/Users/naseemhamed/AndroidStudioProjects/MomentumDrawer/app/build/intermediates/incremental/mergeDebugResources/merged.dir/values-te/values-te.xml",
            "map": [
                {
                    "source": "/Users/naseemhamed/.gradle/caches/transforms-2/files-2.1/5f3e94dac9e0a5a8e5257f851df7be62/jetified-navigation-ui-2.0.0/res/values-te/values-te.xml",
                    "from": {
                        "startLines": "2,3",
                        "startColumns": "4,4",
                        "startOffsets": "55,168",
                        "endColumns": "112,122",
                        "endOffsets": "163,286"
                    },
                    "to": {
                        "startLines": "29,30",
                        "startColumns": "4,4",
                        "startOffsets": "2864,2977",
                        "endColumns": "112,122",
                        "endOffsets": "2972,3095"
                    }
                },
                {
                    "source": "/Users/naseemhamed/.gradle/caches/transforms-2/files-2.1/697f71c0c12135256cbfe98df498a7e4/appcompat-1.0.2/res/values-te/values-te.xml",
                    "from": {
                        "startLines": "2,3,4,5,6,7,8,9,10,11,12,13,14,15,16,17,18,19,20,21,22,23,24,25,26,27,28,29",
                        "startColumns": "4,4,4,4,4,4,4,4,4,4,4,4,4,4,4,4,4,4,4,4,4,4,4,4,4,4,4,4",
                        "startOffsets": "105,219,328,439,529,634,759,841,923,1014,1107,1203,1297,1398,1491,1586,1681,1772,1863,1947,2060,2168,2267,2378,2480,2597,2763,2864",
                        "endColumns": "113,108,110,89,104,124,81,81,90,92,95,93,100,92,94,94,90,90,83,112,107,98,110,101,116,165,100,81",
                        "endOffsets": "214,323,434,524,629,754,836,918,1009,1102,1198,1292,1393,1486,1581,1676,1767,1858,1942,2055,2163,2262,2373,2475,2592,2758,2859,2941"
                    },
                    "to": {
                        "startLines": "2,3,4,5,6,7,8,9,10,11,12,13,14,15,16,17,18,19,20,21,22,23,24,25,26,27,28,31",
                        "startColumns": "4,4,4,4,4,4,4,4,4,4,4,4,4,4,4,4,4,4,4,4,4,4,4,4,4,4,4,4",
                        "startOffsets": "105,219,328,439,529,634,759,841,923,1014,1107,1203,1297,1398,1491,1586,1681,1772,1863,1947,2060,2168,2267,2378,2480,2597,2763,3100",
                        "endColumns": "113,108,110,89,104,124,81,81,90,92,95,93,100,92,94,94,90,90,83,112,107,98,110,101,116,165,100,81",
                        "endOffsets": "214,323,434,524,629,754,836,918,1009,1102,1198,1292,1393,1486,1581,1676,1767,1858,1942,2055,2163,2262,2373,2475,2592,2758,2859,3177"
                    }
                },
                {
                    "source": "/Users/naseemhamed/.gradle/caches/transforms-2/files-2.1/8f8ab13dc8f4e84e14a8bb3d9ac92bc4/core-1.0.1/res/values-te/values-te.xml",
                    "from": {
                        "startLines": "2",
                        "startColumns": "4",
                        "startOffsets": "55",
                        "endColumns": "100",
                        "endOffsets": "151"
                    },
                    "to": {
                        "startLines": "32",
                        "startColumns": "4",
                        "startOffsets": "3182",
                        "endColumns": "100",
                        "endOffsets": "3278"
                    }
                }
            ]
        }
    ]
}