{
    "logs": [
        {
            "outputFile": "/Users/naseemhamed/AndroidStudioProjects/MomentumDrawer/app/build/intermediates/incremental/mergeDebugResources/merged.dir/values-fi/values-fi.xml",
            "map": [
                {
                    "source": "/Users/naseemhamed/.gradle/caches/transforms-2/files-2.1/697f71c0c12135256cbfe98df498a7e4/appcompat-1.0.2/res/values-fi/values-fi.xml",
                    "from": {
                        "startLines": "2,3,4,5,6,7,8,9,10,11,12,13,14,15,16,17,18,19,20,21,22,23,24,25,26,27,28,29",
                        "startColumns": "4,4,4,4,4,4,4,4,4,4,4,4,4,4,4,4,4,4,4,4,4,4,4,4,4,4,4,4",
                        "startOffsets": "105,213,313,414,500,605,723,810,892,983,1076,1172,1266,1361,1454,1550,1649,1740,1834,1914,2021,2124,2221,2327,2426,2530,2693,2792",
                        "endColumns": "107,99,100,85,104,117,86,81,90,92,95,93,94,92,95,98,90,93,79,106,102,96,105,98,103,162,98,79",
                        "endOffsets": "208,308,409,495,600,718,805,887,978,1071,1167,1261,1356,1449,1545,1644,1735,1829,1909,2016,2119,2216,2322,2421,2525,2688,2787,2867"
                    },
                    "to": {
                        "startLines": "2,3,4,5,6,7,8,9,10,11,12,13,14,15,16,17,18,19,20,21,22,23,24,25,26,27,28,31",
                        "startColumns": "4,4,4,4,4,4,4,4,4,4,4,4,4,4,4,4,4,4,4,4,4,4,4,4,4,4,4,4",
                        "startOffsets": "105,213,313,414,500,605,723,810,892,983,1076,1172,1266,1361,1454,1550,1649,1740,1834,1914,2021,2124,2221,2327,2426,2530,2693,3021",
                        "endColumns": "107,99,100,85,104,117,86,81,90,92,95,93,94,92,95,98,90,93,79,106,102,96,105,98,103,162,98,79",
                        "endOffsets": "208,308,409,495,600,718,805,887,978,1071,1167,1261,1356,1449,1545,1644,1735,1829,1909,2016,2119,2216,2322,2421,2525,2688,2787,3096"
                    }
                },
                {
                    "source": "/Users/naseemhamed/.gradle/caches/transforms-2/files-2.1/5f3e94dac9e0a5a8e5257f851df7be62/jetified-navigation-ui-2.0.0/res/values-fi/values-fi.xml",
                    "from": {
                        "startLines": "2,3",
                        "startColumns": "4,4",
                        "startOffsets": "55,161",
                        "endColumns": "105,122",
                        "endOffsets": "156,279"
                    },
                    "to": {
                        "startLines": "29,30",
                        "startColumns": "4,4",
                        "startOffsets": "2792,2898",
                        "endColumns": "105,122",
                        "endOffsets": "2893,3016"
                    }
                },
                {
                    "source": "/Users/naseemhamed/.gradle/caches/transforms-2/files-2.1/8f8ab13dc8f4e84e14a8bb3d9ac92bc4/core-1.0.1/res/values-fi/values-fi.xml",
                    "from": {
                        "startLines": "2",
                        "startColumns": "4",
                        "startOffsets": "55",
                        "endColumns": "100",
                        "endOffsets": "151"
                    },
                    "to": {
                        "startLines": "32",
                        "startColumns": "4",
                        "startOffsets": "3101",
                        "endColumns": "100",
                        "endOffsets": "3197"
                    }
                }
            ]
        }
    ]
}