{
    "logs": [
        {
            "outputFile": "/Users/naseemhamed/AndroidStudioProjects/MomentumDrawer/app/build/intermediates/incremental/mergeDebugResources/merged.dir/values-bs/values-bs.xml",
            "map": [
                {
                    "source": "/Users/naseemhamed/.gradle/caches/transforms-2/files-2.1/697f71c0c12135256cbfe98df498a7e4/appcompat-1.0.2/res/values-bs/values-bs.xml",
                    "from": {
                        "startLines": "2,3,4,5,6,7,8,9,10,11,12,13,14,15,16,17,18,19,20,21,22,23,24,25,26,27,28,29",
                        "startColumns": "4,4,4,4,4,4,4,4,4,4,4,4,4,4,4,4,4,4,4,4,4,4,4,4,4,4,4,4",
                        "startOffsets": "105,224,333,440,526,630,752,834,915,1006,1099,1195,1289,1390,1483,1578,1677,1768,1859,1945,2048,2153,2251,2356,2469,2572,2745,2842",
                        "endColumns": "118,108,106,85,103,121,81,80,90,92,95,93,100,92,94,98,90,90,85,102,104,97,104,112,102,172,96,83",
                        "endOffsets": "219,328,435,521,625,747,829,910,1001,1094,1190,1284,1385,1478,1573,1672,1763,1854,1940,2043,2148,2246,2351,2464,2567,2740,2837,2921"
                    },
                    "to": {
                        "startLines": "2,3,4,5,6,7,8,9,10,11,12,13,14,15,16,17,18,19,20,21,22,23,24,25,26,27,28,31",
                        "startColumns": "4,4,4,4,4,4,4,4,4,4,4,4,4,4,4,4,4,4,4,4,4,4,4,4,4,4,4,4",
                        "startOffsets": "105,224,333,440,526,630,752,834,915,1006,1099,1195,1289,1390,1483,1578,1677,1768,1859,1945,2048,2153,2251,2356,2469,2572,2745,3070",
                        "endColumns": "118,108,106,85,103,121,81,80,90,92,95,93,100,92,94,98,90,90,85,102,104,97,104,112,102,172,96,83",
                        "endOffsets": "219,328,435,521,625,747,829,910,1001,1094,1190,1284,1385,1478,1573,1672,1763,1854,1940,2043,2148,2246,2351,2464,2567,2740,2837,3149"
                    }
                },
                {
                    "source": "/Users/naseemhamed/.gradle/caches/transforms-2/files-2.1/5f3e94dac9e0a5a8e5257f851df7be62/jetified-navigation-ui-2.0.0/res/values-bs/values-bs.xml",
                    "from": {
                        "startLines": "2,3",
                        "startColumns": "4,4",
                        "startOffsets": "55,158",
                        "endColumns": "102,124",
                        "endOffsets": "153,278"
                    },
                    "to": {
                        "startLines": "29,30",
                        "startColumns": "4,4",
                        "startOffsets": "2842,2945",
                        "endColumns": "102,124",
                        "endOffsets": "2940,3065"
                    }
                },
                {
                    "source": "/Users/naseemhamed/.gradle/caches/transforms-2/files-2.1/8f8ab13dc8f4e84e14a8bb3d9ac92bc4/core-1.0.1/res/values-bs/values-bs.xml",
                    "from": {
                        "startLines": "2",
                        "startColumns": "4",
                        "startOffsets": "55",
                        "endColumns": "100",
                        "endOffsets": "151"
                    },
                    "to": {
                        "startLines": "32",
                        "startColumns": "4",
                        "startOffsets": "3154",
                        "endColumns": "100",
                        "endOffsets": "3250"
                    }
                }
            ]
        }
    ]
}