{
    "logs": [
        {
            "outputFile": "/Users/naseemhamed/AndroidStudioProjects/MomentumDrawer/app/build/intermediates/incremental/mergeDebugResources/merged.dir/values-ar/values-ar.xml",
            "map": [
                {
                    "source": "/Users/naseemhamed/.gradle/caches/transforms-2/files-2.1/8f8ab13dc8f4e84e14a8bb3d9ac92bc4/core-1.0.1/res/values-ar/values-ar.xml",
                    "from": {
                        "startLines": "2",
                        "startColumns": "4",
                        "startOffsets": "55",
                        "endColumns": "100",
                        "endOffsets": "151"
                    },
                    "to": {
                        "startLines": "32",
                        "startColumns": "4",
                        "startOffsets": "3081",
                        "endColumns": "100",
                        "endOffsets": "3177"
                    }
                },
                {
                    "source": "/Users/naseemhamed/.gradle/caches/transforms-2/files-2.1/5f3e94dac9e0a5a8e5257f851df7be62/jetified-navigation-ui-2.0.0/res/values-ar/values-ar.xml",
                    "from": {
                        "startLines": "2,3",
                        "startColumns": "4,4",
                        "startOffsets": "55,165",
                        "endColumns": "109,110",
                        "endOffsets": "160,271"
                    },
                    "to": {
                        "startLines": "29,30",
                        "startColumns": "4,4",
                        "startOffsets": "2779,2889",
                        "endColumns": "109,110",
                        "endOffsets": "2884,2995"
                    }
                },
                {
                    "source": "/Users/naseemhamed/.gradle/caches/transforms-2/files-2.1/697f71c0c12135256cbfe98df498a7e4/appcompat-1.0.2/res/values-ar/values-ar.xml",
                    "from": {
                        "startLines": "2,3,4,5,6,7,8,9,10,11,12,13,14,15,16,17,18,19,20,21,22,23,24,25,26,27,28,29",
                        "startColumns": "4,4,4,4,4,4,4,4,4,4,4,4,4,4,4,4,4,4,4,4,4,4,4,4,4,4,4,4",
                        "startOffsets": "105,222,326,435,517,618,732,811,890,981,1074,1170,1264,1365,1458,1553,1647,1738,1832,1911,2016,2117,2213,2321,2424,2527,2682,2779",
                        "endColumns": "116,103,108,81,100,113,78,78,90,92,95,93,100,92,94,93,90,93,78,104,100,95,107,102,102,154,96,80",
                        "endOffsets": "217,321,430,512,613,727,806,885,976,1069,1165,1259,1360,1453,1548,1642,1733,1827,1906,2011,2112,2208,2316,2419,2522,2677,2774,2855"
                    },
                    "to": {
                        "startLines": "2,3,4,5,6,7,8,9,10,11,12,13,14,15,16,17,18,19,20,21,22,23,24,25,26,27,28,31",
                        "startColumns": "4,4,4,4,4,4,4,4,4,4,4,4,4,4,4,4,4,4,4,4,4,4,4,4,4,4,4,4",
                        "startOffsets": "105,222,326,435,517,618,732,811,890,981,1074,1170,1264,1365,1458,1553,1647,1738,1832,1911,2016,2117,2213,2321,2424,2527,2682,3000",
                        "endColumns": "116,103,108,81,100,113,78,78,90,92,95,93,100,92,94,93,90,93,78,104,100,95,107,102,102,154,96,80",
                        "endOffsets": "217,321,430,512,613,727,806,885,976,1069,1165,1259,1360,1453,1548,1642,1733,1827,1906,2011,2112,2208,2316,2419,2522,2677,2774,3076"
                    }
                }
            ]
        }
    ]
}