{
    "logs": [
        {
            "outputFile": "/Users/naseemhamed/AndroidStudioProjects/MomentumDrawer/app/build/intermediates/incremental/mergeDebugResources/merged.dir/values-lv/values-lv.xml",
            "map": [
                {
                    "source": "/Users/naseemhamed/.gradle/caches/transforms-2/files-2.1/8f8ab13dc8f4e84e14a8bb3d9ac92bc4/core-1.0.1/res/values-lv/values-lv.xml",
                    "from": {
                        "startLines": "2",
                        "startColumns": "4",
                        "startOffsets": "55",
                        "endColumns": "100",
                        "endOffsets": "151"
                    },
                    "to": {
                        "startLines": "32",
                        "startColumns": "4",
                        "startOffsets": "3313",
                        "endColumns": "100",
                        "endOffsets": "3409"
                    }
                },
                {
                    "source": "/Users/naseemhamed/.gradle/caches/transforms-2/files-2.1/5f3e94dac9e0a5a8e5257f851df7be62/jetified-navigation-ui-2.0.0/res/values-lv/values-lv.xml",
                    "from": {
                        "startLines": "2,3",
                        "startColumns": "4,4",
                        "startOffsets": "55,169",
                        "endColumns": "113,122",
                        "endOffsets": "164,287"
                    },
                    "to": {
                        "startLines": "29,30",
                        "startColumns": "4,4",
                        "startOffsets": "2994,3108",
                        "endColumns": "113,122",
                        "endOffsets": "3103,3226"
                    }
                },
                {
                    "source": "/Users/naseemhamed/.gradle/caches/transforms-2/files-2.1/697f71c0c12135256cbfe98df498a7e4/appcompat-1.0.2/res/values-lv/values-lv.xml",
                    "from": {
                        "startLines": "2,3,4,5,6,7,8,9,10,11,12,13,14,15,16,17,18,19,20,21,22,23,24,25,26,27,28,29",
                        "startColumns": "4,4,4,4,4,4,4,4,4,4,4,4,4,4,4,4,4,4,4,4,4,4,4,4,4,4,4,4",
                        "startOffsets": "105,225,333,442,528,632,754,836,918,1028,1136,1243,1352,1464,1567,1679,1786,1891,1991,2076,2185,2297,2396,2507,2616,2721,2895,2994",
                        "endColumns": "119,107,108,85,103,121,81,81,109,107,106,108,111,102,111,106,104,99,84,108,111,98,110,108,104,173,98,81",
                        "endOffsets": "220,328,437,523,627,749,831,913,1023,1131,1238,1347,1459,1562,1674,1781,1886,1986,2071,2180,2292,2391,2502,2611,2716,2890,2989,3071"
                    },
                    "to": {
                        "startLines": "2,3,4,5,6,7,8,9,10,11,12,13,14,15,16,17,18,19,20,21,22,23,24,25,26,27,28,31",
                        "startColumns": "4,4,4,4,4,4,4,4,4,4,4,4,4,4,4,4,4,4,4,4,4,4,4,4,4,4,4,4",
                        "startOffsets": "105,225,333,442,528,632,754,836,918,1028,1136,1243,1352,1464,1567,1679,1786,1891,1991,2076,2185,2297,2396,2507,2616,2721,2895,3231",
                        "endColumns": "119,107,108,85,103,121,81,81,109,107,106,108,111,102,111,106,104,99,84,108,111,98,110,108,104,173,98,81",
                        "endOffsets": "220,328,437,523,627,749,831,913,1023,1131,1238,1347,1459,1562,1674,1781,1886,1986,2071,2180,2292,2391,2502,2611,2716,2890,2989,3308"
                    }
                }
            ]
        }
    ]
}