{
    "logs": [
        {
            "outputFile": "/Users/naseemhamed/AndroidStudioProjects/MomentumDrawer/app/build/intermediates/incremental/mergeDebugResources/merged.dir/values-ta/values-ta.xml",
            "map": [
                {
                    "source": "/Users/naseemhamed/.gradle/caches/transforms-2/files-2.1/697f71c0c12135256cbfe98df498a7e4/appcompat-1.0.2/res/values-ta/values-ta.xml",
                    "from": {
                        "startLines": "2,3,4,5,6,7,8,9,10,11,12,13,14,15,16,17,18,19,20,21,22,23,24,25,26,27,28,29",
                        "startColumns": "4,4,4,4,4,4,4,4,4,4,4,4,4,4,4,4,4,4,4,4,4,4,4,4,4,4,4,4",
                        "startOffsets": "105,219,317,432,521,628,754,832,909,1009,1114,1210,1305,1412,1514,1618,1713,1815,1913,1995,2097,2201,2298,2408,2510,2617,2774,2874",
                        "endColumns": "113,97,114,88,106,125,77,76,99,104,95,94,106,101,103,94,101,97,81,101,103,96,109,101,106,156,99,79",
                        "endOffsets": "214,312,427,516,623,749,827,904,1004,1109,1205,1300,1407,1509,1613,1708,1810,1908,1990,2092,2196,2293,2403,2505,2612,2769,2869,2949"
                    },
                    "to": {
                        "startLines": "2,3,4,5,6,7,8,9,10,11,12,13,14,15,16,17,18,19,20,21,22,23,24,25,26,27,28,31",
                        "startColumns": "4,4,4,4,4,4,4,4,4,4,4,4,4,4,4,4,4,4,4,4,4,4,4,4,4,4,4,4",
                        "startOffsets": "105,219,317,432,521,628,754,832,909,1009,1114,1210,1305,1412,1514,1618,1713,1815,1913,1995,2097,2201,2298,2408,2510,2617,2774,3109",
                        "endColumns": "113,97,114,88,106,125,77,76,99,104,95,94,106,101,103,94,101,97,81,101,103,96,109,101,106,156,99,79",
                        "endOffsets": "214,312,427,516,623,749,827,904,1004,1109,1205,1300,1407,1509,1613,1708,1810,1908,1990,2092,2196,2293,2403,2505,2612,2769,2869,3184"
                    }
                },
                {
                    "source": "/Users/naseemhamed/.gradle/caches/transforms-2/files-2.1/5f3e94dac9e0a5a8e5257f851df7be62/jetified-navigation-ui-2.0.0/res/values-ta/values-ta.xml",
                    "from": {
                        "startLines": "2,3",
                        "startColumns": "4,4",
                        "startOffsets": "55,163",
                        "endColumns": "107,126",
                        "endOffsets": "158,285"
                    },
                    "to": {
                        "startLines": "29,30",
                        "startColumns": "4,4",
                        "startOffsets": "2874,2982",
                        "endColumns": "107,126",
                        "endOffsets": "2977,3104"
                    }
                },
                {
                    "source": "/Users/naseemhamed/.gradle/caches/transforms-2/files-2.1/8f8ab13dc8f4e84e14a8bb3d9ac92bc4/core-1.0.1/res/values-ta/values-ta.xml",
                    "from": {
                        "startLines": "2",
                        "startColumns": "4",
                        "startOffsets": "55",
                        "endColumns": "100",
                        "endOffsets": "151"
                    },
                    "to": {
                        "startLines": "32",
                        "startColumns": "4",
                        "startOffsets": "3189",
                        "endColumns": "100",
                        "endOffsets": "3285"
                    }
                }
            ]
        }
    ]
}