{
    "logs": [
        {
            "outputFile": "/Users/naseemhamed/AndroidStudioProjects/MomentumDrawer/app/build/intermediates/incremental/mergeDebugResources/merged.dir/values-eu/values-eu.xml",
            "map": [
                {
                    "source": "/Users/naseemhamed/.gradle/caches/transforms-2/files-2.1/697f71c0c12135256cbfe98df498a7e4/appcompat-1.0.2/res/values-eu/values-eu.xml",
                    "from": {
                        "startLines": "2,3,4,5,6,7,8,9,10,11,12,13,14,15,16,17,18,19,20,21,22,23,24,25,26,27,28,29",
                        "startColumns": "4,4,4,4,4,4,4,4,4,4,4,4,4,4,4,4,4,4,4,4,4,4,4,4,4,4,4,4",
                        "startOffsets": "105,214,312,422,508,614,738,825,909,1001,1095,1192,1286,1388,1482,1578,1675,1767,1860,1942,2051,2161,2260,2369,2475,2586,2757,2856",
                        "endColumns": "108,97,109,85,105,123,86,83,91,93,96,93,101,93,95,96,91,92,81,108,109,98,108,105,110,170,98,81",
                        "endOffsets": "209,307,417,503,609,733,820,904,996,1090,1187,1281,1383,1477,1573,1670,1762,1855,1937,2046,2156,2255,2364,2470,2581,2752,2851,2933"
                    },
                    "to": {
                        "startLines": "2,3,4,5,6,7,8,9,10,11,12,13,14,15,16,17,18,19,20,21,22,23,24,25,26,27,28,31",
                        "startColumns": "4,4,4,4,4,4,4,4,4,4,4,4,4,4,4,4,4,4,4,4,4,4,4,4,4,4,4,4",
                        "startOffsets": "105,214,312,422,508,614,738,825,909,1001,1095,1192,1286,1388,1482,1578,1675,1767,1860,1942,2051,2161,2260,2369,2475,2586,2757,3087",
                        "endColumns": "108,97,109,85,105,123,86,83,91,93,96,93,101,93,95,96,91,92,81,108,109,98,108,105,110,170,98,81",
                        "endOffsets": "209,307,417,503,609,733,820,904,996,1090,1187,1281,1383,1477,1573,1670,1762,1855,1937,2046,2156,2255,2364,2470,2581,2752,2851,3164"
                    }
                },
                {
                    "source": "/Users/naseemhamed/.gradle/caches/transforms-2/files-2.1/8f8ab13dc8f4e84e14a8bb3d9ac92bc4/core-1.0.1/res/values-eu/values-eu.xml",
                    "from": {
                        "startLines": "2",
                        "startColumns": "4",
                        "startOffsets": "55",
                        "endColumns": "100",
                        "endOffsets": "151"
                    },
                    "to": {
                        "startLines": "32",
                        "startColumns": "4",
                        "startOffsets": "3169",
                        "endColumns": "100",
                        "endOffsets": "3265"
                    }
                },
                {
                    "source": "/Users/naseemhamed/.gradle/caches/transforms-2/files-2.1/5f3e94dac9e0a5a8e5257f851df7be62/jetified-navigation-ui-2.0.0/res/values-eu/values-eu.xml",
                    "from": {
                        "startLines": "2,3",
                        "startColumns": "4,4",
                        "startOffsets": "55,159",
                        "endColumns": "103,126",
                        "endOffsets": "154,281"
                    },
                    "to": {
                        "startLines": "29,30",
                        "startColumns": "4,4",
                        "startOffsets": "2856,2960",
                        "endColumns": "103,126",
                        "endOffsets": "2955,3082"
                    }
                }
            ]
        }
    ]
}