{
    "logs": [
        {
            "outputFile": "/Users/naseemhamed/AndroidStudioProjects/MomentumDrawer/app/build/intermediates/incremental/mergeDebugResources/merged.dir/values-iw/values-iw.xml",
            "map": [
                {
                    "source": "/Users/naseemhamed/.gradle/caches/transforms-2/files-2.1/5f3e94dac9e0a5a8e5257f851df7be62/jetified-navigation-ui-2.0.0/res/values-iw/values-iw.xml",
                    "from": {
                        "startLines": "2,3",
                        "startColumns": "4,4",
                        "startOffsets": "55,161",
                        "endColumns": "105,119",
                        "endOffsets": "156,276"
                    },
                    "to": {
                        "startLines": "29,30",
                        "startColumns": "4,4",
                        "startOffsets": "2751,2857",
                        "endColumns": "105,119",
                        "endOffsets": "2852,2972"
                    }
                },
                {
                    "source": "/Users/naseemhamed/.gradle/caches/transforms-2/files-2.1/697f71c0c12135256cbfe98df498a7e4/appcompat-1.0.2/res/values-iw/values-iw.xml",
                    "from": {
                        "startLines": "2,3,4,5,6,7,8,9,10,11,12,13,14,15,16,17,18,19,20,21,22,23,24,25,26,27,28,29",
                        "startColumns": "4,4,4,4,4,4,4,4,4,4,4,4,4,4,4,4,4,4,4,4,4,4,4,4,4,4,4,4",
                        "startOffsets": "105,209,308,416,500,600,714,792,870,961,1055,1151,1245,1346,1439,1534,1631,1722,1814,1895,1997,2101,2199,2302,2403,2503,2655,2751",
                        "endColumns": "103,98,107,83,99,113,77,77,90,93,95,93,100,92,94,96,90,91,80,101,103,97,102,100,99,151,95,80",
                        "endOffsets": "204,303,411,495,595,709,787,865,956,1050,1146,1240,1341,1434,1529,1626,1717,1809,1890,1992,2096,2194,2297,2398,2498,2650,2746,2827"
                    },
                    "to": {
                        "startLines": "2,3,4,5,6,7,8,9,10,11,12,13,14,15,16,17,18,19,20,21,22,23,24,25,26,27,28,31",
                        "startColumns": "4,4,4,4,4,4,4,4,4,4,4,4,4,4,4,4,4,4,4,4,4,4,4,4,4,4,4,4",
                        "startOffsets": "105,209,308,416,500,600,714,792,870,961,1055,1151,1245,1346,1439,1534,1631,1722,1814,1895,1997,2101,2199,2302,2403,2503,2655,2977",
                        "endColumns": "103,98,107,83,99,113,77,77,90,93,95,93,100,92,94,96,90,91,80,101,103,97,102,100,99,151,95,80",
                        "endOffsets": "204,303,411,495,595,709,787,865,956,1050,1146,1240,1341,1434,1529,1626,1717,1809,1890,1992,2096,2194,2297,2398,2498,2650,2746,3053"
                    }
                },
                {
                    "source": "/Users/naseemhamed/.gradle/caches/transforms-2/files-2.1/8f8ab13dc8f4e84e14a8bb3d9ac92bc4/core-1.0.1/res/values-iw/values-iw.xml",
                    "from": {
                        "startLines": "2",
                        "startColumns": "4",
                        "startOffsets": "55",
                        "endColumns": "100",
                        "endOffsets": "151"
                    },
                    "to": {
                        "startLines": "32",
                        "startColumns": "4",
                        "startOffsets": "3058",
                        "endColumns": "100",
                        "endOffsets": "3154"
                    }
                }
            ]
        }
    ]
}