{
    "logs": [
        {
            "outputFile": "/Users/naseemhamed/AndroidStudioProjects/MomentumDrawer/app/build/intermediates/incremental/mergeDebugResources/merged.dir/values-fr-rCA/values-fr-rCA.xml",
            "map": [
                {
                    "source": "/Users/naseemhamed/.gradle/caches/transforms-2/files-2.1/697f71c0c12135256cbfe98df498a7e4/appcompat-1.0.2/res/values-fr-rCA/values-fr-rCA.xml",
                    "from": {
                        "startLines": "2,3,4,5,6,7,8,9,10,11,12,13,14,15,16,17,18,19,20,21,22,23,24,25,26,27,28,29",
                        "startColumns": "4,4,4,4,4,4,4,4,4,4,4,4,4,4,4,4,4,4,4,4,4,4,4,4,4,4,4,4",
                        "startOffsets": "105,216,331,442,529,645,775,858,938,1029,1122,1221,1316,1417,1510,1603,1698,1789,1880,1976,2086,2198,2301,2412,2519,2621,2780,2879",
                        "endColumns": "110,114,110,86,115,129,82,79,90,92,98,94,100,92,92,94,90,90,95,109,111,102,110,106,101,158,98,85",
                        "endOffsets": "211,326,437,524,640,770,853,933,1024,1117,1216,1311,1412,1505,1598,1693,1784,1875,1971,2081,2193,2296,2407,2514,2616,2775,2874,2960"
                    },
                    "to": {
                        "startLines": "2,3,4,5,6,7,8,9,10,11,12,13,14,15,16,17,18,19,20,21,22,23,24,25,26,27,28,31",
                        "startColumns": "4,4,4,4,4,4,4,4,4,4,4,4,4,4,4,4,4,4,4,4,4,4,4,4,4,4,4,4",
                        "startOffsets": "105,216,331,442,529,645,775,858,938,1029,1122,1221,1316,1417,1510,1603,1698,1789,1880,1976,2086,2198,2301,2412,2519,2621,2780,3118",
                        "endColumns": "110,114,110,86,115,129,82,79,90,92,98,94,100,92,92,94,90,90,95,109,111,102,110,106,101,158,98,85",
                        "endOffsets": "211,326,437,524,640,770,853,933,1024,1117,1216,1311,1412,1505,1598,1693,1784,1875,1971,2081,2193,2296,2407,2514,2616,2775,2874,3199"
                    }
                },
                {
                    "source": "/Users/naseemhamed/.gradle/caches/transforms-2/files-2.1/5f3e94dac9e0a5a8e5257f851df7be62/jetified-navigation-ui-2.0.0/res/values-fr-rCA/values-fr-rCA.xml",
                    "from": {
                        "startLines": "2,3",
                        "startColumns": "4,4",
                        "startOffsets": "55,168",
                        "endColumns": "112,125",
                        "endOffsets": "163,289"
                    },
                    "to": {
                        "startLines": "29,30",
                        "startColumns": "4,4",
                        "startOffsets": "2879,2992",
                        "endColumns": "112,125",
                        "endOffsets": "2987,3113"
                    }
                },
                {
                    "source": "/Users/naseemhamed/.gradle/caches/transforms-2/files-2.1/8f8ab13dc8f4e84e14a8bb3d9ac92bc4/core-1.0.1/res/values-fr-rCA/values-fr-rCA.xml",
                    "from": {
                        "startLines": "2",
                        "startColumns": "4",
                        "startOffsets": "55",
                        "endColumns": "100",
                        "endOffsets": "151"
                    },
                    "to": {
                        "startLines": "32",
                        "startColumns": "4",
                        "startOffsets": "3204",
                        "endColumns": "100",
                        "endOffsets": "3300"
                    }
                }
            ]
        }
    ]
}