{
    "logs": [
        {
            "outputFile": "/Users/naseemhamed/AndroidStudioProjects/MomentumDrawer/app/build/intermediates/incremental/mergeDebugResources/merged.dir/values-ml/values-ml.xml",
            "map": [
                {
                    "source": "/Users/naseemhamed/.gradle/caches/transforms-2/files-2.1/697f71c0c12135256cbfe98df498a7e4/appcompat-1.0.2/res/values-ml/values-ml.xml",
                    "from": {
                        "startLines": "2,3,4,5,6,7,8,9,10,11,12,13,14,15,16,17,18,19,20,21,22,23,24,25,26,27,28,29",
                        "startColumns": "4,4,4,4,4,4,4,4,4,4,4,4,4,4,4,4,4,4,4,4,4,4,4,4,4,4,4,4",
                        "startOffsets": "105,224,342,457,550,655,787,864,940,1031,1124,1226,1320,1421,1515,1610,1709,1800,1891,1973,2084,2190,2288,2402,2502,2613,2772,2873",
                        "endColumns": "118,117,114,92,104,131,76,75,90,92,101,93,100,93,94,98,90,90,81,110,105,97,113,99,110,158,100,81",
                        "endOffsets": "219,337,452,545,650,782,859,935,1026,1119,1221,1315,1416,1510,1605,1704,1795,1886,1968,2079,2185,2283,2397,2497,2608,2767,2868,2950"
                    },
                    "to": {
                        "startLines": "2,3,4,5,6,7,8,9,10,11,12,13,14,15,16,17,18,19,20,21,22,23,24,25,26,27,28,31",
                        "startColumns": "4,4,4,4,4,4,4,4,4,4,4,4,4,4,4,4,4,4,4,4,4,4,4,4,4,4,4,4",
                        "startOffsets": "105,224,342,457,550,655,787,864,940,1031,1124,1226,1320,1421,1515,1610,1709,1800,1891,1973,2084,2190,2288,2402,2502,2613,2772,3117",
                        "endColumns": "118,117,114,92,104,131,76,75,90,92,101,93,100,93,94,98,90,90,81,110,105,97,113,99,110,158,100,81",
                        "endOffsets": "219,337,452,545,650,782,859,935,1026,1119,1221,1315,1416,1510,1605,1704,1795,1886,1968,2079,2185,2283,2397,2497,2608,2767,2868,3194"
                    }
                },
                {
                    "source": "/Users/naseemhamed/.gradle/caches/transforms-2/files-2.1/8f8ab13dc8f4e84e14a8bb3d9ac92bc4/core-1.0.1/res/values-ml/values-ml.xml",
                    "from": {
                        "startLines": "2",
                        "startColumns": "4",
                        "startOffsets": "55",
                        "endColumns": "100",
                        "endOffsets": "151"
                    },
                    "to": {
                        "startLines": "32",
                        "startColumns": "4",
                        "startOffsets": "3199",
                        "endColumns": "100",
                        "endOffsets": "3295"
                    }
                },
                {
                    "source": "/Users/naseemhamed/.gradle/caches/transforms-2/files-2.1/5f3e94dac9e0a5a8e5257f851df7be62/jetified-navigation-ui-2.0.0/res/values-ml/values-ml.xml",
                    "from": {
                        "startLines": "2,3",
                        "startColumns": "4,4",
                        "startOffsets": "55,180",
                        "endColumns": "124,118",
                        "endOffsets": "175,294"
                    },
                    "to": {
                        "startLines": "29,30",
                        "startColumns": "4,4",
                        "startOffsets": "2873,2998",
                        "endColumns": "124,118",
                        "endOffsets": "2993,3112"
                    }
                }
            ]
        }
    ]
}