{
    "logs": [
        {
            "outputFile": "/Users/naseemhamed/AndroidStudioProjects/MomentumDrawer/app/build/intermediates/incremental/mergeDebugResources/merged.dir/values-da/values-da.xml",
            "map": [
                {
                    "source": "/Users/naseemhamed/.gradle/caches/transforms-2/files-2.1/697f71c0c12135256cbfe98df498a7e4/appcompat-1.0.2/res/values-da/values-da.xml",
                    "from": {
                        "startLines": "2,3,4,5,6,7,8,9,10,11,12,13,14,15,16,17,18,19,20,21,22,23,24,25,26,27,28,29",
                        "startColumns": "4,4,4,4,4,4,4,4,4,4,4,4,4,4,4,4,4,4,4,4,4,4,4,4,4,4,4,4",
                        "startOffsets": "105,208,307,419,502,602,715,792,869,960,1053,1149,1243,1338,1431,1526,1624,1715,1806,1885,1994,2102,2198,2312,2414,2515,2668,2765",
                        "endColumns": "102,98,111,82,99,112,76,76,90,92,95,93,94,92,94,97,90,90,78,108,107,95,113,101,100,152,96,78",
                        "endOffsets": "203,302,414,497,597,710,787,864,955,1048,1144,1238,1333,1426,1521,1619,1710,1801,1880,1989,2097,2193,2307,2409,2510,2663,2760,2839"
                    },
                    "to": {
                        "startLines": "2,3,4,5,6,7,8,9,10,11,12,13,14,15,16,17,18,19,20,21,22,23,24,25,26,27,28,31",
                        "startColumns": "4,4,4,4,4,4,4,4,4,4,4,4,4,4,4,4,4,4,4,4,4,4,4,4,4,4,4,4",
                        "startOffsets": "105,208,307,419,502,602,715,792,869,960,1053,1149,1243,1338,1431,1526,1624,1715,1806,1885,1994,2102,2198,2312,2414,2515,2668,2979",
                        "endColumns": "102,98,111,82,99,112,76,76,90,92,95,93,94,92,94,97,90,90,78,108,107,95,113,101,100,152,96,78",
                        "endOffsets": "203,302,414,497,597,710,787,864,955,1048,1144,1238,1333,1426,1521,1619,1710,1801,1880,1989,2097,2193,2307,2409,2510,2663,2760,3053"
                    }
                },
                {
                    "source": "/Users/naseemhamed/.gradle/caches/transforms-2/files-2.1/8f8ab13dc8f4e84e14a8bb3d9ac92bc4/core-1.0.1/res/values-da/values-da.xml",
                    "from": {
                        "startLines": "2",
                        "startColumns": "4",
                        "startOffsets": "55",
                        "endColumns": "100",
                        "endOffsets": "151"
                    },
                    "to": {
                        "startLines": "32",
                        "startColumns": "4",
                        "startOffsets": "3058",
                        "endColumns": "100",
                        "endOffsets": "3154"
                    }
                },
                {
                    "source": "/Users/naseemhamed/.gradle/caches/transforms-2/files-2.1/5f3e94dac9e0a5a8e5257f851df7be62/jetified-navigation-ui-2.0.0/res/values-da/values-da.xml",
                    "from": {
                        "startLines": "2,3",
                        "startColumns": "4,4",
                        "startOffsets": "55,160",
                        "endColumns": "104,108",
                        "endOffsets": "155,264"
                    },
                    "to": {
                        "startLines": "29,30",
                        "startColumns": "4,4",
                        "startOffsets": "2765,2870",
                        "endColumns": "104,108",
                        "endOffsets": "2865,2974"
                    }
                }
            ]
        }
    ]
}