{
    "logs": [
        {
            "outputFile": "/Users/naseemhamed/AndroidStudioProjects/MomentumDrawer/app/build/intermediates/incremental/mergeDebugResources/merged.dir/values-mr/values-mr.xml",
            "map": [
                {
                    "source": "/Users/naseemhamed/.gradle/caches/transforms-2/files-2.1/697f71c0c12135256cbfe98df498a7e4/appcompat-1.0.2/res/values-mr/values-mr.xml",
                    "from": {
                        "startLines": "2,3,4,5,6,7,8,9,10,11,12,13,14,15,16,17,18,19,20,21,22,23,24,25,26,27,28,29",
                        "startColumns": "4,4,4,4,4,4,4,4,4,4,4,4,4,4,4,4,4,4,4,4,4,4,4,4,4,4,4,4",
                        "startOffsets": "105,216,322,429,519,620,735,812,890,981,1074,1168,1265,1366,1459,1554,1651,1742,1833,1913,2025,2127,2223,2332,2433,2545,2702,2807",
                        "endColumns": "110,105,106,89,100,114,76,77,90,92,93,96,100,92,94,96,90,90,79,111,101,95,108,100,111,156,104,79",
                        "endOffsets": "211,317,424,514,615,730,807,885,976,1069,1163,1260,1361,1454,1549,1646,1737,1828,1908,2020,2122,2218,2327,2428,2540,2697,2802,2882"
                    },
                    "to": {
                        "startLines": "2,3,4,5,6,7,8,9,10,11,12,13,14,15,16,17,18,19,20,21,22,23,24,25,26,27,28,31",
                        "startColumns": "4,4,4,4,4,4,4,4,4,4,4,4,4,4,4,4,4,4,4,4,4,4,4,4,4,4,4,4",
                        "startOffsets": "105,216,322,429,519,620,735,812,890,981,1074,1168,1265,1366,1459,1554,1651,1742,1833,1913,2025,2127,2223,2332,2433,2545,2702,3036",
                        "endColumns": "110,105,106,89,100,114,76,77,90,92,93,96,100,92,94,96,90,90,79,111,101,95,108,100,111,156,104,79",
                        "endOffsets": "211,317,424,514,615,730,807,885,976,1069,1163,1260,1361,1454,1549,1646,1737,1828,1908,2020,2122,2218,2327,2428,2540,2697,2802,3111"
                    }
                },
                {
                    "source": "/Users/naseemhamed/.gradle/caches/transforms-2/files-2.1/5f3e94dac9e0a5a8e5257f851df7be62/jetified-navigation-ui-2.0.0/res/values-mr/values-mr.xml",
                    "from": {
                        "startLines": "2,3",
                        "startColumns": "4,4",
                        "startOffsets": "55,167",
                        "endColumns": "111,116",
                        "endOffsets": "162,279"
                    },
                    "to": {
                        "startLines": "29,30",
                        "startColumns": "4,4",
                        "startOffsets": "2807,2919",
                        "endColumns": "111,116",
                        "endOffsets": "2914,3031"
                    }
                },
                {
                    "source": "/Users/naseemhamed/.gradle/caches/transforms-2/files-2.1/8f8ab13dc8f4e84e14a8bb3d9ac92bc4/core-1.0.1/res/values-mr/values-mr.xml",
                    "from": {
                        "startLines": "2",
                        "startColumns": "4",
                        "startOffsets": "55",
                        "endColumns": "100",
                        "endOffsets": "151"
                    },
                    "to": {
                        "startLines": "32",
                        "startColumns": "4",
                        "startOffsets": "3116",
                        "endColumns": "100",
                        "endOffsets": "3212"
                    }
                }
            ]
        }
    ]
}