{
    "logs": [
        {
            "outputFile": "/Users/naseemhamed/AndroidStudioProjects/MomentumDrawer/app/build/intermediates/incremental/mergeDebugResources/merged.dir/values-zh-rTW/values-zh-rTW.xml",
            "map": [
                {
                    "source": "/Users/naseemhamed/.gradle/caches/transforms-2/files-2.1/697f71c0c12135256cbfe98df498a7e4/appcompat-1.0.2/res/values-zh-rTW/values-zh-rTW.xml",
                    "from": {
                        "startLines": "2,3,4,5,6,7,8,9,10,11,12,13,14,15,16,17,18,19,20,21,22,23,24,25,26,27,28,29",
                        "startColumns": "4,4,4,4,4,4,4,4,4,4,4,4,4,4,4,4,4,4,4,4,4,4,4,4,4,4,4,4",
                        "startOffsets": "105,200,293,393,475,572,680,756,832,924,1018,1116,1212,1308,1402,1498,1590,1682,1774,1852,1948,2044,2139,2236,2331,2431,2581,2675",
                        "endColumns": "94,92,99,81,96,107,75,75,91,93,97,95,95,93,95,91,91,91,77,95,95,94,96,94,99,149,93,77",
                        "endOffsets": "195,288,388,470,567,675,751,827,919,1013,1111,1207,1303,1397,1493,1585,1677,1769,1847,1943,2039,2134,2231,2326,2426,2576,2670,2748"
                    },
                    "to": {
                        "startLines": "2,3,4,5,6,7,8,9,10,11,12,13,14,15,16,17,18,19,20,21,22,23,24,25,26,27,28,31",
                        "startColumns": "4,4,4,4,4,4,4,4,4,4,4,4,4,4,4,4,4,4,4,4,4,4,4,4,4,4,4,4",
                        "startOffsets": "105,200,293,393,475,572,680,756,832,924,1018,1116,1212,1308,1402,1498,1590,1682,1774,1852,1948,2044,2139,2236,2331,2431,2581,2874",
                        "endColumns": "94,92,99,81,96,107,75,75,91,93,97,95,95,93,95,91,91,91,77,95,95,94,96,94,99,149,93,77",
                        "endOffsets": "195,288,388,470,567,675,751,827,919,1013,1111,1207,1303,1397,1493,1585,1677,1769,1847,1943,2039,2134,2231,2326,2426,2576,2670,2947"
                    }
                },
                {
                    "source": "/Users/naseemhamed/.gradle/caches/transforms-2/files-2.1/5f3e94dac9e0a5a8e5257f851df7be62/jetified-navigation-ui-2.0.0/res/values-zh-rTW/values-zh-rTW.xml",
                    "from": {
                        "startLines": "2,3",
                        "startColumns": "4,4",
                        "startOffsets": "55,154",
                        "endColumns": "98,99",
                        "endOffsets": "149,249"
                    },
                    "to": {
                        "startLines": "29,30",
                        "startColumns": "4,4",
                        "startOffsets": "2675,2774",
                        "endColumns": "98,99",
                        "endOffsets": "2769,2869"
                    }
                },
                {
                    "source": "/Users/naseemhamed/.gradle/caches/transforms-2/files-2.1/8f8ab13dc8f4e84e14a8bb3d9ac92bc4/core-1.0.1/res/values-zh-rTW/values-zh-rTW.xml",
                    "from": {
                        "startLines": "2",
                        "startColumns": "4",
                        "startOffsets": "55",
                        "endColumns": "100",
                        "endOffsets": "151"
                    },
                    "to": {
                        "startLines": "32",
                        "startColumns": "4",
                        "startOffsets": "2952",
                        "endColumns": "100",
                        "endOffsets": "3048"
                    }
                }
            ]
        }
    ]
}