{
    "logs": [
        {
            "outputFile": "/Users/naseemhamed/AndroidStudioProjects/MomentumDrawer/app/build/intermediates/incremental/mergeDebugResources/merged.dir/values-ur/values-ur.xml",
            "map": [
                {
                    "source": "/Users/naseemhamed/.gradle/caches/transforms-2/files-2.1/5f3e94dac9e0a5a8e5257f851df7be62/jetified-navigation-ui-2.0.0/res/values-ur/values-ur.xml",
                    "from": {
                        "startLines": "2,3",
                        "startColumns": "4,4",
                        "startOffsets": "55,167",
                        "endColumns": "111,114",
                        "endOffsets": "162,277"
                    },
                    "to": {
                        "startLines": "29,30",
                        "startColumns": "4,4",
                        "startOffsets": "2824,2936",
                        "endColumns": "111,114",
                        "endOffsets": "2931,3046"
                    }
                },
                {
                    "source": "/Users/naseemhamed/.gradle/caches/transforms-2/files-2.1/697f71c0c12135256cbfe98df498a7e4/appcompat-1.0.2/res/values-ur/values-ur.xml",
                    "from": {
                        "startLines": "2,3,4,5,6,7,8,9,10,11,12,13,14,15,16,17,18,19,20,21,22,23,24,25,26,27,28,29",
                        "startColumns": "4,4,4,4,4,4,4,4,4,4,4,4,4,4,4,4,4,4,4,4,4,4,4,4,4,4,4,4",
                        "startOffsets": "105,215,321,430,516,620,740,816,892,984,1078,1174,1268,1370,1464,1560,1654,1746,1838,1923,2031,2140,2242,2353,2453,2561,2726,2824",
                        "endColumns": "109,105,108,85,103,119,75,75,91,93,95,93,101,93,95,93,91,91,84,107,108,101,110,99,107,164,97,79",
                        "endOffsets": "210,316,425,511,615,735,811,887,979,1073,1169,1263,1365,1459,1555,1649,1741,1833,1918,2026,2135,2237,2348,2448,2556,2721,2819,2899"
                    },
                    "to": {
                        "startLines": "2,3,4,5,6,7,8,9,10,11,12,13,14,15,16,17,18,19,20,21,22,23,24,25,26,27,28,31",
                        "startColumns": "4,4,4,4,4,4,4,4,4,4,4,4,4,4,4,4,4,4,4,4,4,4,4,4,4,4,4,4",
                        "startOffsets": "105,215,321,430,516,620,740,816,892,984,1078,1174,1268,1370,1464,1560,1654,1746,1838,1923,2031,2140,2242,2353,2453,2561,2726,3051",
                        "endColumns": "109,105,108,85,103,119,75,75,91,93,95,93,101,93,95,93,91,91,84,107,108,101,110,99,107,164,97,79",
                        "endOffsets": "210,316,425,511,615,735,811,887,979,1073,1169,1263,1365,1459,1555,1649,1741,1833,1918,2026,2135,2237,2348,2448,2556,2721,2819,3126"
                    }
                },
                {
                    "source": "/Users/naseemhamed/.gradle/caches/transforms-2/files-2.1/8f8ab13dc8f4e84e14a8bb3d9ac92bc4/core-1.0.1/res/values-ur/values-ur.xml",
                    "from": {
                        "startLines": "2",
                        "startColumns": "4",
                        "startOffsets": "55",
                        "endColumns": "100",
                        "endOffsets": "151"
                    },
                    "to": {
                        "startLines": "32",
                        "startColumns": "4",
                        "startOffsets": "3131",
                        "endColumns": "100",
                        "endOffsets": "3227"
                    }
                }
            ]
        }
    ]
}