{
    "logs": [
        {
            "outputFile": "/Users/naseemhamed/AndroidStudioProjects/MomentumDrawer/app/build/intermediates/incremental/mergeDebugResources/merged.dir/values-hr/values-hr.xml",
            "map": [
                {
                    "source": "/Users/naseemhamed/.gradle/caches/transforms-2/files-2.1/8f8ab13dc8f4e84e14a8bb3d9ac92bc4/core-1.0.1/res/values-hr/values-hr.xml",
                    "from": {
                        "startLines": "2",
                        "startColumns": "4",
                        "startOffsets": "55",
                        "endColumns": "100",
                        "endOffsets": "151"
                    },
                    "to": {
                        "startLines": "32",
                        "startColumns": "4",
                        "startOffsets": "3154",
                        "endColumns": "100",
                        "endOffsets": "3250"
                    }
                },
                {
                    "source": "/Users/naseemhamed/.gradle/caches/transforms-2/files-2.1/5f3e94dac9e0a5a8e5257f851df7be62/jetified-navigation-ui-2.0.0/res/values-hr/values-hr.xml",
                    "from": {
                        "startLines": "2,3",
                        "startColumns": "4,4",
                        "startOffsets": "55,158",
                        "endColumns": "102,124",
                        "endOffsets": "153,278"
                    },
                    "to": {
                        "startLines": "29,30",
                        "startColumns": "4,4",
                        "startOffsets": "2837,2940",
                        "endColumns": "102,124",
                        "endOffsets": "2935,3060"
                    }
                },
                {
                    "source": "/Users/naseemhamed/.gradle/caches/transforms-2/files-2.1/697f71c0c12135256cbfe98df498a7e4/appcompat-1.0.2/res/values-hr/values-hr.xml",
                    "from": {
                        "startLines": "2,3,4,5,6,7,8,9,10,11,12,13,14,15,16,17,18,19,20,21,22,23,24,25,26,27,28,29",
                        "startColumns": "4,4,4,4,4,4,4,4,4,4,4,4,4,4,4,4,4,4,4,4,4,4,4,4,4,4,4,4",
                        "startOffsets": "105,210,307,417,503,607,726,810,893,984,1077,1173,1267,1368,1461,1556,1655,1746,1837,1923,2027,2140,2246,2351,2464,2571,2740,2837",
                        "endColumns": "104,96,109,85,103,118,83,82,90,92,95,93,100,92,94,98,90,90,85,103,112,105,104,112,106,168,96,88",
                        "endOffsets": "205,302,412,498,602,721,805,888,979,1072,1168,1262,1363,1456,1551,1650,1741,1832,1918,2022,2135,2241,2346,2459,2566,2735,2832,2921"
                    },
                    "to": {
                        "startLines": "2,3,4,5,6,7,8,9,10,11,12,13,14,15,16,17,18,19,20,21,22,23,24,25,26,27,28,31",
                        "startColumns": "4,4,4,4,4,4,4,4,4,4,4,4,4,4,4,4,4,4,4,4,4,4,4,4,4,4,4,4",
                        "startOffsets": "105,210,307,417,503,607,726,810,893,984,1077,1173,1267,1368,1461,1556,1655,1746,1837,1923,2027,2140,2246,2351,2464,2571,2740,3065",
                        "endColumns": "104,96,109,85,103,118,83,82,90,92,95,93,100,92,94,98,90,90,85,103,112,105,104,112,106,168,96,88",
                        "endOffsets": "205,302,412,498,602,721,805,888,979,1072,1168,1262,1363,1456,1551,1650,1741,1832,1918,2022,2135,2241,2346,2459,2566,2735,2832,3149"
                    }
                }
            ]
        }
    ]
}