{
    "logs": [
        {
            "outputFile": "/Users/naseemhamed/AndroidStudioProjects/MomentumDrawer/app/build/intermediates/incremental/mergeDebugResources/merged.dir/values-az/values-az.xml",
            "map": [
                {
                    "source": "/Users/naseemhamed/.gradle/caches/transforms-2/files-2.1/697f71c0c12135256cbfe98df498a7e4/appcompat-1.0.2/res/values-az/values-az.xml",
                    "from": {
                        "startLines": "2,3,4,5,6,7,8,9,10,11,12,13,14,15,16,17,18,19,20,21,22,23,24,25,26,27,28,29",
                        "startColumns": "4,4,4,4,4,4,4,4,4,4,4,4,4,4,4,4,4,4,4,4,4,4,4,4,4,4,4,4",
                        "startOffsets": "105,213,312,424,512,619,733,814,893,984,1077,1172,1271,1372,1465,1560,1655,1746,1838,1923,2030,2137,2237,2346,2450,2560,2718,2820",
                        "endColumns": "107,98,111,87,106,113,80,78,90,92,94,98,100,92,94,94,90,91,84,106,106,99,108,103,109,157,101,82",
                        "endOffsets": "208,307,419,507,614,728,809,888,979,1072,1167,1266,1367,1460,1555,1650,1741,1833,1918,2025,2132,2232,2341,2445,2555,2713,2815,2898"
                    },
                    "to": {
                        "startLines": "2,3,4,5,6,7,8,9,10,11,12,13,14,15,16,17,18,19,20,21,22,23,24,25,26,27,28,31",
                        "startColumns": "4,4,4,4,4,4,4,4,4,4,4,4,4,4,4,4,4,4,4,4,4,4,4,4,4,4,4,4",
                        "startOffsets": "105,213,312,424,512,619,733,814,893,984,1077,1172,1271,1372,1465,1560,1655,1746,1838,1923,2030,2137,2237,2346,2450,2560,2718,3046",
                        "endColumns": "107,98,111,87,106,113,80,78,90,92,94,98,100,92,94,94,90,91,84,106,106,99,108,103,109,157,101,82",
                        "endOffsets": "208,307,419,507,614,728,809,888,979,1072,1167,1266,1367,1460,1555,1650,1741,1833,1918,2025,2132,2232,2341,2445,2555,2713,2815,3124"
                    }
                },
                {
                    "source": "/Users/naseemhamed/.gradle/caches/transforms-2/files-2.1/8f8ab13dc8f4e84e14a8bb3d9ac92bc4/core-1.0.1/res/values-az/values-az.xml",
                    "from": {
                        "startLines": "2",
                        "startColumns": "4",
                        "startOffsets": "55",
                        "endColumns": "100",
                        "endOffsets": "151"
                    },
                    "to": {
                        "startLines": "32",
                        "startColumns": "4",
                        "startOffsets": "3129",
                        "endColumns": "100",
                        "endOffsets": "3225"
                    }
                },
                {
                    "source": "/Users/naseemhamed/.gradle/caches/transforms-2/files-2.1/5f3e94dac9e0a5a8e5257f851df7be62/jetified-navigation-ui-2.0.0/res/values-az/values-az.xml",
                    "from": {
                        "startLines": "2,3",
                        "startColumns": "4,4",
                        "startOffsets": "55,162",
                        "endColumns": "106,118",
                        "endOffsets": "157,276"
                    },
                    "to": {
                        "startLines": "29,30",
                        "startColumns": "4,4",
                        "startOffsets": "2820,2927",
                        "endColumns": "106,118",
                        "endOffsets": "2922,3041"
                    }
                }
            ]
        }
    ]
}