{
    "logs": [
        {
            "outputFile": "/Users/naseemhamed/AndroidStudioProjects/MomentumDrawer/app/build/intermediates/incremental/mergeDebugResources/merged.dir/values-tr/values-tr.xml",
            "map": [
                {
                    "source": "/Users/naseemhamed/.gradle/caches/transforms-2/files-2.1/5f3e94dac9e0a5a8e5257f851df7be62/jetified-navigation-ui-2.0.0/res/values-tr/values-tr.xml",
                    "from": {
                        "startLines": "2,3",
                        "startColumns": "4,4",
                        "startOffsets": "55,160",
                        "endColumns": "104,116",
                        "endOffsets": "155,272"
                    },
                    "to": {
                        "startLines": "29,30",
                        "startColumns": "4,4",
                        "startOffsets": "2786,2891",
                        "endColumns": "104,116",
                        "endOffsets": "2886,3003"
                    }
                },
                {
                    "source": "/Users/naseemhamed/.gradle/caches/transforms-2/files-2.1/697f71c0c12135256cbfe98df498a7e4/appcompat-1.0.2/res/values-tr/values-tr.xml",
                    "from": {
                        "startLines": "2,3,4,5,6,7,8,9,10,11,12,13,14,15,16,17,18,19,20,21,22,23,24,25,26,27,28,29",
                        "startColumns": "4,4,4,4,4,4,4,4,4,4,4,4,4,4,4,4,4,4,4,4,4,4,4,4,4,4,4,4",
                        "startOffsets": "105,210,309,421,506,612,732,811,887,978,1071,1164,1258,1356,1449,1551,1646,1737,1828,1907,2014,2119,2215,2322,2424,2532,2688,2786",
                        "endColumns": "104,98,111,84,105,119,78,75,90,92,92,93,97,92,101,94,90,90,78,106,104,95,106,101,107,155,97,78",
                        "endOffsets": "205,304,416,501,607,727,806,882,973,1066,1159,1253,1351,1444,1546,1641,1732,1823,1902,2009,2114,2210,2317,2419,2527,2683,2781,2860"
                    },
                    "to": {
                        "startLines": "2,3,4,5,6,7,8,9,10,11,12,13,14,15,16,17,18,19,20,21,22,23,24,25,26,27,28,31",
                        "startColumns": "4,4,4,4,4,4,4,4,4,4,4,4,4,4,4,4,4,4,4,4,4,4,4,4,4,4,4,4",
                        "startOffsets": "105,210,309,421,506,612,732,811,887,978,1071,1164,1258,1356,1449,1551,1646,1737,1828,1907,2014,2119,2215,2322,2424,2532,2688,3008",
                        "endColumns": "104,98,111,84,105,119,78,75,90,92,92,93,97,92,101,94,90,90,78,106,104,95,106,101,107,155,97,78",
                        "endOffsets": "205,304,416,501,607,727,806,882,973,1066,1159,1253,1351,1444,1546,1641,1732,1823,1902,2009,2114,2210,2317,2419,2527,2683,2781,3082"
                    }
                },
                {
                    "source": "/Users/naseemhamed/.gradle/caches/transforms-2/files-2.1/8f8ab13dc8f4e84e14a8bb3d9ac92bc4/core-1.0.1/res/values-tr/values-tr.xml",
                    "from": {
                        "startLines": "2",
                        "startColumns": "4",
                        "startOffsets": "55",
                        "endColumns": "100",
                        "endOffsets": "151"
                    },
                    "to": {
                        "startLines": "32",
                        "startColumns": "4",
                        "startOffsets": "3087",
                        "endColumns": "100",
                        "endOffsets": "3183"
                    }
                }
            ]
        }
    ]
}