{
    "logs": [
        {
            "outputFile": "/Users/naseemhamed/AndroidStudioProjects/MomentumDrawer/app/build/intermediates/incremental/mergeDebugResources/merged.dir/values/values.xml",
            "map": [
                {
                    "source": "/Users/naseemhamed/.gradle/caches/transforms-2/files-2.1/8f8ab13dc8f4e84e14a8bb3d9ac92bc4/core-1.0.1/res/values/values.xml",
                    "from": {
                        "startLines": "-1,-1,-1,-1,-1,-1,-1,-1,-1,-1,-1,-1,-1,-1,-1,-1,-1,-1,-1,-1,-1,-1,-1,-1,-1,-1,-1,-1,-1,-1,-1,-1,-1,-1,-1,-1,-1,-1,-1,-1,-1,-1,-1",
                        "startColumns": "-1,-1,-1,-1,-1,-1,-1,-1,-1,-1,-1,-1,-1,-1,-1,-1,-1,-1,-1,-1,-1,-1,-1,-1,-1,-1,-1,-1,-1,-1,-1,-1,-1,-1,-1,-1,-1,-1,-1,-1,-1,-1,-1",
                        "startOffsets": "-1,-1,-1,-1,-1,-1,-1,-1,-1,-1,-1,-1,-1,-1,-1,-1,-1,-1,-1,-1,-1,-1,-1,-1,-1,-1,-1,-1,-1,-1,-1,-1,-1,-1,-1,-1,-1,-1,-1,-1,-1,-1,-1"
                    },
                    "to": {
                        "startLines": "236,237,338,339,340,341,342,343,344,455,456,457,458,459,460,461,462,463,464,465,466,467,468,469,484,485,493,494,507,508,509,510,511,515,537,618,2325,2326,2330,2331,2335,2697,2698",
                        "startColumns": "4,4,4,4,4,4,4,4,4,4,4,4,4,4,4,4,4,4,4,4,4,4,4,4,4,4,4,4,4,4,4,4,4,4,4,4,4,4,4,4,4,4,4",
                        "startOffsets": "12752,12821,19691,19761,19829,19901,19971,20032,20106,27153,27214,27275,27337,27401,27463,27524,27592,27692,27752,27818,27891,27960,28017,28069,29114,29186,29607,29642,30270,30320,30381,30438,30472,30650,31896,38198,150355,150472,150673,150783,150984,175207,175279",
                        "endLines": "236,237,338,339,340,341,342,343,344,455,456,457,458,459,460,461,462,463,464,465,466,467,468,469,484,485,493,494,507,508,509,510,511,515,537,618,2325,2329,2330,2334,2335,2697,2698",
                        "endColumns": "68,62,69,67,71,69,60,73,72,60,60,61,63,61,60,67,99,59,65,72,68,56,51,61,71,75,34,34,49,60,56,33,34,34,69,70,116,12,109,12,128,71,66",
                        "endOffsets": "12816,12879,19756,19824,19896,19966,20027,20101,20174,27209,27270,27332,27396,27458,27519,27587,27687,27747,27813,27886,27955,28012,28064,28126,29181,29257,29637,29672,30315,30376,30433,30467,30502,30680,31961,38264,150467,150668,150778,150979,151108,175274,175341"
                    }
                },
                {
                    "source": "/Users/naseemhamed/AndroidStudioProjects/MomentumDrawer/app/src/main/res/values/dimens.xml",
                    "from": {
                        "startLines": "-1,-1,-1,-1,-1",
                        "startColumns": "-1,-1,-1,-1,-1",
                        "startOffsets": "-1,-1,-1,-1,-1"
                    },
                    "to": {
                        "startLines": "333,334,391,453,454",
                        "startColumns": "4,4,4,4,4",
                        "startOffsets": "19407,19465,23156,27045,27095",
                        "endColumns": "57,55,41,49,57",
                        "endOffsets": "19460,19516,23193,27090,27148"
                    }
                },
                {
                    "source": "/Users/naseemhamed/AndroidStudioProjects/MomentumDrawer/app/src/main/res/values/colors.xml",
                    "from": {
                        "startLines": "-1,-1,-1",
                        "startColumns": "-1,-1,-1",
                        "startOffsets": "-1,-1,-1"
                    },
                    "to": {
                        "startLines": "192,193,194",
                        "startColumns": "4,4,4",
                        "startOffsets": "9940,9986,10033",
                        "endColumns": "45,46,50",
                        "endOffsets": "9981,10028,10079"
                    }
                },
                {
                    "source": "/Users/naseemhamed/.gradle/caches/transforms-2/files-2.1/4fe44ae24daa7cfa2dd483a5d3b65a2f/cardview-1.0.0/res/values/values.xml",
                    "from": {
                        "startLines": "-1,-1,-1,-1,-1,-1,-1,-1,-1,-1,-1,-1",
                        "startColumns": "-1,-1,-1,-1,-1,-1,-1,-1,-1,-1,-1,-1",
                        "startOffsets": "-1,-1,-1,-1,-1,-1,-1,-1,-1,-1,-1,-1"
                    },
                    "to": {
                        "startLines": "15,188,189,190,191,335,336,337,672,2064,2066,2069",
                        "startColumns": "4,4,4,4,4,4,4,4,4,4,4,4",
                        "startOffsets": "734,9691,9752,9814,9876,19521,19580,19637,41759,130702,130766,130892",
                        "endLines": "15,188,189,190,191,335,336,337,678,2065,2068,2071",
                        "endColumns": "51,60,61,61,63,58,56,53,12,12,12,12",
                        "endOffsets": "781,9747,9809,9871,9935,19575,19632,19686,42168,130761,130887,131015"
                    }
                },
                {
                    "source": "/Users/naseemhamed/AndroidStudioProjects/MomentumDrawer/app/src/main/res/values/drawables.xml",
                    "from": {
                        "startLines": "-1,-1,-1,-1,-1,-1",
                        "startColumns": "-1,-1,-1,-1,-1,-1",
                        "startOffsets": "-1,-1,-1,-1,-1,-1"
                    },
                    "to": {
                        "startLines": "478,479,480,481,482,483",
                        "startColumns": "4,4,4,4,4,4",
                        "startOffsets": "28584,28672,28762,28850,28934,29020",
                        "endColumns": "87,89,87,83,85,93",
                        "endOffsets": "28667,28757,28845,28929,29015,29109"
                    }
                },
                {
                    "source": "/Users/naseemhamed/.gradle/caches/transforms-2/files-2.1/d2cae29ea156ecc28d8f5099dc624ed2/transition-1.0.0/res/values/values.xml",
                    "from": {
                        "startLines": "-1,-1,-1,-1,-1,-1,-1,-1,-1,-1",
                        "startColumns": "-1,-1,-1,-1,-1,-1,-1,-1,-1,-1",
                        "startOffsets": "-1,-1,-1,-1,-1,-1,-1,-1,-1,-1"
                    },
                    "to": {
                        "startLines": "490,498,501,502,503,516,517,518,519,520",
                        "startColumns": "4,4,4,4,4,4,4,4,4,4",
                        "startOffsets": "29467,29850,29989,30036,30091,30685,30739,30791,30840,30901",
                        "endColumns": "39,42,46,54,44,53,51,48,60,49",
                        "endOffsets": "29502,29888,30031,30086,30131,30734,30786,30835,30896,30946"
                    }
                },
                {
                    "source": "/Users/naseemhamed/.gradle/caches/transforms-2/files-2.1/8849109129fcb2f39779166fb64480b1/coordinatorlayout-1.0.0/res/values/values.xml",
                    "from": {
                        "startLines": "-1,-1",
                        "startColumns": "-1,-1",
                        "startOffsets": "-1,-1"
                    },
                    "to": {
                        "startLines": "24,2972",
                        "startColumns": "4,4",
                        "startOffsets": "1201,191783",
                        "endLines": "24,2974",
                        "endColumns": "60,12",
                        "endOffsets": "1257,191923"
                    }
                },
                {
                    "source": "/Users/naseemhamed/AndroidStudioProjects/MomentumDrawer/app/src/main/res/values/styles.xml",
                    "from": {
                        "startLines": "-1,-1,-1,-1",
                        "startColumns": "-1,-1,-1,-1",
                        "startOffsets": "-1,-1,-1,-1"
                    },
                    "to": {
                        "startLines": "639,645,646,650",
                        "startColumns": "4,4,4,4",
                        "startOffsets": "39704,39988,40078,40228",
                        "endLines": "644,645,649,650",
                        "endColumns": "12,89,12,79",
                        "endOffsets": "39983,40073,40223,40303"
                    }
                },
                {
                    "source": "/Users/naseemhamed/.gradle/caches/transforms-2/files-2.1/c7eb9cd3508ac3959447c14fd76c9fb9/material-1.0.0/res/values/values.xml",
                    "from": {
                        "startLines": "-1,-1,-1,-1,-1,-1,-1,-1,-1,-1,-1,-1,-1,-1,-1,-1,-1,-1,-1,-1,-1,-1,-1,-1,-1,-1,-1,-1,-1,-1,-1,-1,-1,-1,-1,-1,-1,-1,-1,-1,-1,-1,-1,-1,-1,-1,-1,-1,-1,-1,-1,-1,-1,-1,-1,-1,-1,-1,-1,-1,-1,-1,-1,-1,-1,-1,-1,-1,-1,-1,-1,-1,-1,-1,-1,-1,-1,-1,-1,-1,-1,-1,-1,-1,-1,-1,-1,-1,-1,-1,-1,-1,-1,-1,-1,-1,-1,-1,-1,-1,-1,-1,-1,-1,-1,-1,-1,-1,-1,-1,-1,-1,-1,-1,-1,-1,-1,-1,-1,-1,-1,-1,-1,-1,-1,-1,-1,-1,-1,-1,-1,-1,-1,-1,-1,-1,-1,-1,-1,-1,-1,-1,-1,-1,-1,-1,-1,-1,-1,-1,-1,-1,-1,-1,-1,-1,-1,-1,-1,-1,-1,-1,-1,-1,-1,-1,-1,-1,-1,-1,-1,-1,-1,-1,-1,-1,-1,-1,-1,-1,-1,-1,-1,-1,-1,-1,-1,-1,-1,-1,-1,-1,-1,-1,-1,-1,-1,-1,-1,-1,-1,-1,-1,-1,-1,-1,-1,-1,-1,-1,-1,-1,-1,-1,-1,-1,-1,-1,-1,-1,-1,-1,-1,-1,-1,-1,-1,-1,-1,-1,-1,-1,-1,-1,-1,-1,-1,-1,-1,-1,-1,-1,-1,-1,-1,-1,-1,-1,-1,-1,-1,-1,-1,-1,-1,-1,-1,-1,-1,-1,-1,-1,-1,-1,-1,-1,-1,-1,-1,-1,-1,-1,-1,-1,-1,-1,-1,-1,-1,-1,-1,-1,-1,-1,-1,-1,-1,-1,-1,-1,-1,-1,-1,-1,-1,-1,-1,-1,-1,-1,-1,-1,-1,-1,-1,-1,-1,-1,-1,-1,-1,-1,-1,-1,-1,-1,-1,-1,-1,-1,-1",
                        "startColumns": "-1,-1,-1,-1,-1,-1,-1,-1,-1,-1,-1,-1,-1,-1,-1,-1,-1,-1,-1,-1,-1,-1,-1,-1,-1,-1,-1,-1,-1,-1,-1,-1,-1,-1,-1,-1,-1,-1,-1,-1,-1,-1,-1,-1,-1,-1,-1,-1,-1,-1,-1,-1,-1,-1,-1,-1,-1,-1,-1,-1,-1,-1,-1,-1,-1,-1,-1,-1,-1,-1,-1,-1,-1,-1,-1,-1,-1,-1,-1,-1,-1,-1,-1,-1,-1,-1,-1,-1,-1,-1,-1,-1,-1,-1,-1,-1,-1,-1,-1,-1,-1,-1,-1,-1,-1,-1,-1,-1,-1,-1,-1,-1,-1,-1,-1,-1,-1,-1,-1,-1,-1,-1,-1,-1,-1,-1,-1,-1,-1,-1,-1,-1,-1,-1,-1,-1,-1,-1,-1,-1,-1,-1,-1,-1,-1,-1,-1,-1,-1,-1,-1,-1,-1,-1,-1,-1,-1,-1,-1,-1,-1,-1,-1,-1,-1,-1,-1,-1,-1,-1,-1,-1,-1,-1,-1,-1,-1,-1,-1,-1,-1,-1,-1,-1,-1,-1,-1,-1,-1,-1,-1,-1,-1,-1,-1,-1,-1,-1,-1,-1,-1,-1,-1,-1,-1,-1,-1,-1,-1,-1,-1,-1,-1,-1,-1,-1,-1,-1,-1,-1,-1,-1,-1,-1,-1,-1,-1,-1,-1,-1,-1,-1,-1,-1,-1,-1,-1,-1,-1,-1,-1,-1,-1,-1,-1,-1,-1,-1,-1,-1,-1,-1,-1,-1,-1,-1,-1,-1,-1,-1,-1,-1,-1,-1,-1,-1,-1,-1,-1,-1,-1,-1,-1,-1,-1,-1,-1,-1,-1,-1,-1,-1,-1,-1,-1,-1,-1,-1,-1,-1,-1,-1,-1,-1,-1,-1,-1,-1,-1,-1,-1,-1,-1,-1,-1,-1,-1,-1,-1,-1,-1,-1,-1,-1,-1,-1,-1,-1,-1,-1,-1",
                        "startOffsets": "-1,-1,-1,-1,-1,-1,-1,-1,-1,-1,-1,-1,-1,-1,-1,-1,-1,-1,-1,-1,-1,-1,-1,-1,-1,-1,-1,-1,-1,-1,-1,-1,-1,-1,-1,-1,-1,-1,-1,-1,-1,-1,-1,-1,-1,-1,-1,-1,-1,-1,-1,-1,-1,-1,-1,-1,-1,-1,-1,-1,-1,-1,-1,-1,-1,-1,-1,-1,-1,-1,-1,-1,-1,-1,-1,-1,-1,-1,-1,-1,-1,-1,-1,-1,-1,-1,-1,-1,-1,-1,-1,-1,-1,-1,-1,-1,-1,-1,-1,-1,-1,-1,-1,-1,-1,-1,-1,-1,-1,-1,-1,-1,-1,-1,-1,-1,-1,-1,-1,-1,-1,-1,-1,-1,-1,-1,-1,-1,-1,-1,-1,-1,-1,-1,-1,-1,-1,-1,-1,-1,-1,-1,-1,-1,-1,-1,-1,-1,-1,-1,-1,-1,-1,-1,-1,-1,-1,-1,-1,-1,-1,-1,-1,-1,-1,-1,-1,-1,-1,-1,-1,-1,-1,-1,-1,-1,-1,-1,-1,-1,-1,-1,-1,-1,-1,-1,-1,-1,-1,-1,-1,-1,-1,-1,-1,-1,-1,-1,-1,-1,-1,-1,-1,-1,-1,-1,-1,-1,-1,-1,-1,-1,-1,-1,-1,-1,-1,-1,-1,-1,-1,-1,-1,-1,-1,-1,-1,-1,-1,-1,-1,-1,-1,-1,-1,-1,-1,-1,-1,-1,-1,-1,-1,-1,-1,-1,-1,-1,-1,-1,-1,-1,-1,-1,-1,-1,-1,-1,-1,-1,-1,-1,-1,-1,-1,-1,-1,-1,-1,-1,-1,-1,-1,-1,-1,-1,-1,-1,-1,-1,-1,-1,-1,-1,-1,-1,-1,-1,-1,-1,-1,-1,-1,-1,-1,-1,-1,-1,-1,-1,-1,-1,-1,-1,-1,-1,-1,-1,-1,-1,-1,-1,-1,-1,-1,-1,-1,-1,-1,-1,-1"
                    },
                    "to": {
                        "startLines": "11,12,13,14,17,18,19,20,30,32,142,143,144,145,146,147,148,149,150,151,152,153,154,155,156,157,158,159,160,161,162,163,164,169,195,196,197,198,199,200,201,202,203,204,205,228,229,230,231,232,233,234,235,345,346,347,348,349,350,351,352,353,354,355,356,357,358,359,360,361,362,363,364,365,366,367,368,369,370,371,372,373,374,375,376,377,378,379,380,381,382,383,384,385,386,387,388,405,406,407,408,409,410,411,412,413,414,415,416,417,418,419,420,421,422,423,424,425,426,427,428,429,430,431,432,433,434,435,436,437,438,439,440,441,442,443,444,445,446,447,448,449,450,451,452,495,496,504,505,512,513,514,522,525,526,529,530,531,532,533,534,535,536,583,584,585,586,587,588,590,600,608,609,610,611,612,635,911,912,913,918,919,923,929,933,934,935,936,947,948,949,953,959,963,1033,1034,1035,1065,1085,1131,1161,1181,1201,1247,1251,1991,2005,2046,2054,2189,2190,2191,2192,2336,2339,2340,2343,2346,2347,2350,2354,2359,2367,2375,2384,2392,2396,2404,2412,2420,2428,2436,2445,2454,2462,2471,2509,2511,2516,2518,2523,2527,2531,2532,2537,2538,2539,2540,2541,2542,2544,2545,2550,2551,2552,2553,2554,2555,2556,2558,2562,2566,2570,2581,2582,2583,2584,2585,2586,2587,2588,2589,2592,2596,2599,2699,2707,2714,2723,2727,2742,2750,2753,2762,2767,2778,2786,2789,2798,2805,2806,2825,2828,2834,2837,2846,2849,2852,2855,2858,2861,2865,2868,2877,2880,2888,2893,2901,2906,2910,2911,2922,2929,2933,2937,2938,2942,2950,2954,2959,2964",
                        "startColumns": "4,4,4,4,4,4,4,4,4,4,4,4,4,4,4,4,4,4,4,4,4,4,4,4,4,4,4,4,4,4,4,4,4,4,4,4,4,4,4,4,4,4,4,4,4,4,4,4,4,4,4,4,4,4,4,4,4,4,4,4,4,4,4,4,4,4,4,4,4,4,4,4,4,4,4,4,4,4,4,4,4,4,4,4,4,4,4,4,4,4,4,4,4,4,4,4,4,4,4,4,4,4,4,4,4,4,4,4,4,4,4,4,4,4,4,4,4,4,4,4,4,4,4,4,4,4,4,4,4,4,4,4,4,4,4,4,4,4,4,4,4,4,4,4,4,4,4,4,4,4,4,4,4,4,4,4,4,4,4,4,4,4,4,4,4,4,4,4,4,4,4,4,4,4,4,4,4,4,4,4,4,4,4,4,4,4,4,4,4,4,4,4,4,4,4,4,4,4,4,4,4,4,4,4,4,4,4,4,4,4,4,4,4,4,4,4,4,4,4,4,4,4,4,4,4,4,4,4,4,4,4,4,4,4,4,4,4,4,4,4,4,4,4,4,4,4,4,4,4,4,4,4,4,4,4,4,4,4,4,4,4,4,4,4,4,4,4,4,4,4,4,4,4,4,4,4,4,4,4,4,4,4,4,4,4,4,4,4,4,4,4,4,4,4,4,4,4,4,4,4,4,4,4,4,4,4,4,4,4,4,4,4,4,4,4,4,4,4,4,4,4",
                        "startOffsets": "502,558,618,679,834,887,945,993,1444,1534,6681,6739,6799,6857,6903,6963,7016,7062,7112,7159,7217,7275,7334,7394,7456,7518,7580,7642,7704,7766,7827,7889,7951,8221,10084,10158,10221,10289,10370,10434,10500,10570,10640,10710,10780,12200,12263,12328,12394,12447,12523,12589,12676,20179,20233,20312,20390,20463,20528,20591,20657,20728,20799,20861,20930,20996,21063,21130,21186,21237,21290,21342,21396,21467,21530,21589,21651,21710,21783,21850,21910,21973,22048,22120,22191,22247,22318,22375,22432,22498,22562,22633,22690,22743,22806,22858,22916,24195,24261,24327,24408,24483,24539,24592,24653,24711,24761,24810,24859,24908,24970,25022,25067,25148,25202,25255,25309,25360,25409,25460,25521,25582,25644,25694,25735,25785,25833,25895,25946,25995,26064,26125,26181,26252,26317,26386,26437,26500,26570,26639,26709,26771,26841,26911,26986,29677,29735,30136,30181,30507,30554,30599,30983,31157,31223,31402,31465,31537,31594,31651,31711,31769,31839,35051,35201,35332,35436,35523,35680,35888,36528,37106,37184,37485,37651,37806,39427,57311,57404,57511,57854,57961,58190,58599,58831,58931,59036,59155,59753,59900,60019,60254,60669,60907,66122,66243,66376,68460,69956,73195,75275,76783,78307,81542,81766,126973,127777,129537,129987,139727,139800,139887,139972,151113,151308,151400,151573,151735,151830,151999,152242,152535,152944,153358,153790,154208,154449,154879,155314,155724,156146,156556,156985,157411,157827,158265,161031,161099,161443,161523,161879,162029,162173,162257,162622,162720,162828,162926,163036,163152,163278,163374,163751,163861,163985,164123,164233,164355,164483,164621,164783,164999,165155,166031,166115,166219,166313,166427,166539,166663,166759,166839,167028,167234,167427,175346,175778,176199,176624,176821,177769,178290,178413,179050,179271,180086,180555,180738,181334,181794,181899,183160,183310,183727,183892,184572,184731,184822,184906,185102,185269,185491,185651,186028,186187,186515,186732,187307,187657,187906,188003,188709,189147,189388,189577,189711,189902,190539,190789,191092,191307",
                        "endLines": "11,12,13,14,17,18,19,20,30,32,142,143,144,145,146,147,148,149,150,151,152,153,154,155,156,157,158,159,160,161,162,163,164,169,195,196,197,198,199,200,201,202,203,204,205,228,229,230,231,232,233,234,235,345,346,347,348,349,350,351,352,353,354,355,356,357,358,359,360,361,362,363,364,365,366,367,368,369,370,371,372,373,374,375,376,377,378,379,380,381,382,383,384,385,386,387,388,405,406,407,408,409,410,411,412,413,414,415,416,417,418,419,420,421,422,423,424,425,426,427,428,429,430,431,432,433,434,435,436,437,438,439,440,441,442,443,444,445,446,447,448,449,450,451,452,495,496,504,505,512,513,514,522,525,526,529,530,531,532,533,534,535,536,583,584,585,586,587,588,590,600,608,609,610,611,612,638,911,912,917,918,922,928,932,933,934,935,946,947,948,952,958,962,963,1033,1034,1064,1084,1130,1160,1180,1200,1246,1250,1254,2004,2045,2053,2063,2189,2190,2191,2192,2338,2339,2342,2345,2346,2349,2353,2358,2366,2374,2383,2391,2395,2403,2411,2419,2427,2435,2444,2453,2461,2470,2473,2510,2515,2517,2522,2526,2530,2531,2536,2537,2538,2539,2540,2541,2543,2544,2549,2550,2551,2552,2553,2554,2555,2557,2561,2565,2569,2573,2581,2582,2583,2584,2585,2586,2587,2588,2591,2595,2598,2602,2706,2713,2722,2726,2741,2749,2752,2761,2766,2777,2785,2788,2797,2804,2805,2824,2827,2833,2836,2845,2848,2851,2854,2857,2860,2864,2867,2876,2879,2887,2892,2900,2905,2909,2910,2921,2928,2932,2936,2937,2941,2949,2953,2958,2963,2971",
                        "endColumns": "55,59,60,54,52,57,47,48,44,52,57,59,57,45,59,52,45,49,46,57,57,58,59,61,61,61,61,61,61,60,61,61,52,61,73,62,67,80,63,65,69,69,69,69,66,62,64,65,52,75,65,86,75,53,78,77,72,64,62,65,70,70,61,68,65,66,66,55,50,52,51,53,70,62,58,61,58,72,66,59,62,74,71,70,55,70,56,56,65,63,70,56,52,62,51,57,66,65,65,80,74,55,52,60,57,49,48,48,48,61,51,44,80,53,52,53,50,48,50,60,60,61,49,40,49,47,61,50,48,68,60,55,70,64,68,50,62,69,68,69,61,69,69,74,58,57,61,44,42,46,44,50,47,65,61,62,71,56,56,59,57,69,56,149,130,103,86,156,156,152,80,77,300,165,154,101,10,92,106,10,106,10,10,10,99,104,118,10,146,118,10,10,10,111,120,132,10,10,10,10,10,10,10,10,10,10,10,10,10,72,86,84,98,10,91,10,10,94,10,10,10,10,10,10,10,10,10,10,10,10,10,10,10,10,10,10,10,10,10,10,10,10,83,10,97,107,97,109,115,10,95,10,109,123,137,109,121,127,10,10,10,10,10,83,103,93,113,111,123,95,79,10,10,10,10,10,10,10,10,10,10,10,10,10,10,10,10,10,10,104,10,10,10,10,10,10,10,10,10,10,10,10,10,10,10,10,10,10,10,96,10,10,10,10,133,10,10,10,10,10,10",
                        "endOffsets": "553,613,674,729,882,940,988,1037,1484,1582,6734,6794,6852,6898,6958,7011,7057,7107,7154,7212,7270,7329,7389,7451,7513,7575,7637,7699,7761,7822,7884,7946,7999,8278,10153,10216,10284,10365,10429,10495,10565,10635,10705,10775,10842,12258,12323,12389,12442,12518,12584,12671,12747,20228,20307,20385,20458,20523,20586,20652,20723,20794,20856,20925,20991,21058,21125,21181,21232,21285,21337,21391,21462,21525,21584,21646,21705,21778,21845,21905,21968,22043,22115,22186,22242,22313,22370,22427,22493,22557,22628,22685,22738,22801,22853,22911,22978,24256,24322,24403,24478,24534,24587,24648,24706,24756,24805,24854,24903,24965,25017,25062,25143,25197,25250,25304,25355,25404,25455,25516,25577,25639,25689,25730,25780,25828,25890,25941,25990,26059,26120,26176,26247,26312,26381,26432,26495,26565,26634,26704,26766,26836,26906,26981,27040,29730,29792,30176,30219,30549,30594,30645,31026,31218,31280,31460,31532,31589,31646,31706,31764,31834,31891,35196,35327,35431,35518,35675,35832,36036,36604,37179,37480,37646,37801,37903,39699,57399,57506,57849,57956,58185,58594,58826,58926,59031,59150,59748,59895,60014,60249,60664,60902,61014,66238,66371,68455,69951,73190,75270,76778,78302,81537,81761,81998,127772,129532,129982,130697,139795,139882,139967,140066,151303,151395,151568,151730,151825,151994,152237,152530,152939,153353,153785,154203,154444,154874,155309,155719,156141,156551,156980,157406,157822,158260,158442,161094,161438,161518,161874,162024,162168,162252,162617,162715,162823,162921,163031,163147,163273,163369,163746,163856,163980,164118,164228,164350,164478,164616,164778,164994,165150,165354,166110,166214,166308,166422,166534,166658,166754,166834,167023,167229,167422,167632,175773,176194,176619,176816,177764,178285,178408,179045,179266,180081,180550,180733,181329,181789,181894,183155,183305,183722,183887,184567,184726,184817,184901,185097,185264,185486,185646,186023,186182,186510,186727,187302,187652,187901,187998,188704,189142,189383,189572,189706,189897,190534,190784,191087,191302,191778"
                    }
                },
                {
                    "source": "/Users/naseemhamed/.gradle/caches/transforms-2/files-2.1/5f3e94dac9e0a5a8e5257f851df7be62/jetified-navigation-ui-2.0.0/res/values/values.xml",
                    "from": {
                        "startLines": "-1,-1",
                        "startColumns": "-1,-1",
                        "startOffsets": "-1,-1"
                    },
                    "to": {
                        "startLines": "601,602",
                        "startColumns": "4,4",
                        "startOffsets": "36609,36685",
                        "endColumns": "75,86",
                        "endOffsets": "36680,36767"
                    }
                },
                {
                    "source": "/Users/naseemhamed/.gradle/caches/transforms-2/files-2.1/60c78688d53fed5d4397971c98be092f/navigation-runtime-2.0.0/res/values/values.xml",
                    "from": {
                        "startLines": "-1",
                        "startColumns": "-1",
                        "startOffsets": "-1"
                    },
                    "to": {
                        "startLines": "497",
                        "startColumns": "4",
                        "startOffsets": "29797",
                        "endColumns": "52",
                        "endOffsets": "29845"
                    }
                },
                {
                    "source": "/Users/naseemhamed/.gradle/caches/transforms-2/files-2.1/3ec6fa8458ddbe732478393a9f9e6c77/constraintlayout-1.1.3/res/values/values.xml",
                    "from": {
                        "startLines": "-1,-1,-1,-1,-1,-1,-1,-1,-1,-1,-1,-1,-1,-1,-1,-1,-1,-1,-1,-1,-1,-1,-1,-1,-1,-1,-1,-1,-1,-1,-1,-1,-1,-1,-1,-1,-1,-1,-1,-1,-1,-1,-1,-1,-1,-1,-1,-1,-1,-1,-1,-1,-1,-1,-1,-1,-1",
                        "startColumns": "-1,-1,-1,-1,-1,-1,-1,-1,-1,-1,-1,-1,-1,-1,-1,-1,-1,-1,-1,-1,-1,-1,-1,-1,-1,-1,-1,-1,-1,-1,-1,-1,-1,-1,-1,-1,-1,-1,-1,-1,-1,-1,-1,-1,-1,-1,-1,-1,-1,-1,-1,-1,-1,-1,-1,-1,-1",
                        "startOffsets": "-1,-1,-1,-1,-1,-1,-1,-1,-1,-1,-1,-1,-1,-1,-1,-1,-1,-1,-1,-1,-1,-1,-1,-1,-1,-1,-1,-1,-1,-1,-1,-1,-1,-1,-1,-1,-1,-1,-1,-1,-1,-1,-1,-1,-1,-1,-1,-1,-1,-1,-1,-1,-1,-1,-1,-1,-1"
                    },
                    "to": {
                        "startLines": "2,3,16,21,22,23,26,34,35,36,37,40,41,44,47,48,49,50,51,54,57,58,59,60,65,68,71,72,73,78,79,80,83,86,87,90,93,96,99,100,103,106,107,112,113,118,121,124,125,126,127,128,129,130,131,132,133",
                        "startColumns": "4,4,4,4,4,4,4,4,4,4,4,4,4,4,4,4,4,4,4,4,4,4,4,4,4,4,4,4,4,4,4,4,4,4,4,4,4,4,4,4,4,4,4,4,4,4,4,4,4,4,4,4,4,4,4,4,4",
                        "startOffsets": "150,211,786,1042,1094,1155,1317,1636,1697,1757,1827,1960,2028,2157,2283,2345,2410,2478,2545,2668,2793,2860,2925,2990,3171,3292,3413,3479,3546,3756,3825,3891,4016,4142,4209,4335,4462,4587,4714,4779,4905,5028,5093,5301,5368,5548,5668,5788,5853,5915,5977,6039,6098,6158,6219,6280,6339",
                        "endLines": "2,10,16,21,22,23,29,34,35,36,39,40,43,46,47,48,49,50,53,56,57,58,59,64,67,70,71,72,77,78,79,82,85,86,89,92,95,98,99,102,105,106,111,112,117,120,123,124,125,126,127,128,129,130,131,132,141",
                        "endColumns": "60,11,47,51,60,45,11,60,59,69,11,67,11,11,61,64,67,66,11,11,66,64,64,11,11,11,65,66,11,68,65,11,11,66,11,11,11,11,64,11,11,64,11,66,11,11,11,64,61,61,61,58,59,60,60,58,11",
                        "endOffsets": "206,497,829,1089,1150,1196,1439,1692,1752,1822,1955,2023,2152,2278,2340,2405,2473,2540,2663,2788,2855,2920,2985,3166,3287,3408,3474,3541,3751,3820,3886,4011,4137,4204,4330,4457,4582,4709,4774,4900,5023,5088,5296,5363,5543,5663,5783,5848,5910,5972,6034,6093,6153,6214,6275,6334,6676"
                    }
                },
                {
                    "source": "/Users/naseemhamed/.gradle/caches/transforms-2/files-2.1/697f71c0c12135256cbfe98df498a7e4/appcompat-1.0.2/res/values/values.xml",
                    "from": {
                        "startLines": "-1,-1,-1,-1,-1,-1,-1,-1,-1,-1,-1,-1,-1,-1,-1,-1,-1,-1,-1,-1,-1,-1,-1,-1,-1,-1,-1,-1,-1,-1,-1,-1,-1,-1,-1,-1,-1,-1,-1,-1,-1,-1,-1,-1,-1,-1,-1,-1,-1,-1,-1,-1,-1,-1,-1,-1,-1,-1,-1,-1,-1,-1,-1,-1,-1,-1,-1,-1,-1,-1,-1,-1,-1,-1,-1,-1,-1,-1,-1,-1,-1,-1,-1,-1,-1,-1,-1,-1,-1,-1,-1,-1,-1,-1,-1,-1,-1,-1,-1,-1,-1,-1,-1,-1,-1,-1,-1,-1,-1,-1,-1,-1,-1,-1,-1,-1,-1,-1,-1,-1,-1,-1,-1,-1,-1,-1,-1,-1,-1,-1,-1,-1,-1,-1,-1,-1,-1,-1,-1,-1,-1,-1,-1,-1,-1,-1,-1,-1,-1,-1,-1,-1,-1,-1,-1,-1,-1,-1,-1,-1,-1,-1,-1,-1,-1,-1,-1,-1,-1,-1,-1,-1,-1,-1,-1,-1,-1,-1,-1,-1,-1,-1,-1,-1,-1,-1,-1,-1,-1,-1,-1,-1,-1,-1,-1,-1,-1,-1,-1,-1,-1,-1,-1,-1,-1,-1,-1,-1,-1,-1,-1,-1,-1,-1,-1,-1,-1,-1,-1,-1,-1,-1,-1,-1,-1,-1,-1,-1,-1,-1,-1,-1,-1,-1,-1,-1,-1,-1,-1,-1,-1,-1,-1,-1,-1,-1,-1,-1,-1,-1,-1,-1,-1,-1,-1,-1,-1,-1,-1,-1,-1,-1,-1,-1,-1,-1,-1,-1,-1,-1,-1,-1,-1,-1,-1,-1,-1,-1,-1,-1,-1,-1,-1,-1,-1,-1,-1,-1,-1,-1,-1,-1,-1,-1,-1,-1,-1,-1,-1,-1,-1,-1,-1,-1,-1,-1,-1,-1,-1,-1,-1,-1,-1,-1,-1,-1,-1,-1,-1,-1,-1,-1,-1,-1,-1,-1,-1,-1,-1,-1,-1,-1,-1,-1,-1,-1,-1,-1,-1,-1,-1,-1,-1,-1,-1,-1,-1,-1,-1,-1,-1,-1,-1,-1,-1,-1,-1,-1,-1,-1,-1,-1,-1,-1,-1,-1,-1,-1,-1,-1,-1,-1,-1,-1,-1,-1,-1,-1,-1,-1,-1,-1,-1,-1,-1,-1,-1,-1,-1,-1,-1,-1,-1,-1,-1,-1,-1,-1,-1,-1,-1,-1,-1,-1,-1,-1,-1,-1,-1,-1,-1,-1,-1,-1,-1,-1,-1,-1,-1,-1,-1,-1,-1,-1,-1,-1,-1,-1,-1,-1,-1,-1,-1,-1,-1,-1,-1,-1,-1,-1,-1,-1,-1,-1,-1,-1,-1,-1,-1,-1,-1,-1,-1,-1,-1,-1,-1,-1,-1,-1,-1,-1,-1,-1,-1,-1,-1,-1,-1,-1,-1,-1,-1,-1,-1,-1,-1,-1,-1,-1,-1,-1,-1,-1,-1,-1,-1,-1,-1,-1,-1,-1,-1,-1,-1,-1,-1,-1,-1,-1,-1,-1,-1,-1,-1,-1,-1,-1,-1,-1,-1,-1,-1,-1,-1,-1,-1,-1,-1,-1,-1,-1,-1,-1,-1,-1,-1,-1,-1,-1",
                        "startColumns": "-1,-1,-1,-1,-1,-1,-1,-1,-1,-1,-1,-1,-1,-1,-1,-1,-1,-1,-1,-1,-1,-1,-1,-1,-1,-1,-1,-1,-1,-1,-1,-1,-1,-1,-1,-1,-1,-1,-1,-1,-1,-1,-1,-1,-1,-1,-1,-1,-1,-1,-1,-1,-1,-1,-1,-1,-1,-1,-1,-1,-1,-1,-1,-1,-1,-1,-1,-1,-1,-1,-1,-1,-1,-1,-1,-1,-1,-1,-1,-1,-1,-1,-1,-1,-1,-1,-1,-1,-1,-1,-1,-1,-1,-1,-1,-1,-1,-1,-1,-1,-1,-1,-1,-1,-1,-1,-1,-1,-1,-1,-1,-1,-1,-1,-1,-1,-1,-1,-1,-1,-1,-1,-1,-1,-1,-1,-1,-1,-1,-1,-1,-1,-1,-1,-1,-1,-1,-1,-1,-1,-1,-1,-1,-1,-1,-1,-1,-1,-1,-1,-1,-1,-1,-1,-1,-1,-1,-1,-1,-1,-1,-1,-1,-1,-1,-1,-1,-1,-1,-1,-1,-1,-1,-1,-1,-1,-1,-1,-1,-1,-1,-1,-1,-1,-1,-1,-1,-1,-1,-1,-1,-1,-1,-1,-1,-1,-1,-1,-1,-1,-1,-1,-1,-1,-1,-1,-1,-1,-1,-1,-1,-1,-1,-1,-1,-1,-1,-1,-1,-1,-1,-1,-1,-1,-1,-1,-1,-1,-1,-1,-1,-1,-1,-1,-1,-1,-1,-1,-1,-1,-1,-1,-1,-1,-1,-1,-1,-1,-1,-1,-1,-1,-1,-1,-1,-1,-1,-1,-1,-1,-1,-1,-1,-1,-1,-1,-1,-1,-1,-1,-1,-1,-1,-1,-1,-1,-1,-1,-1,-1,-1,-1,-1,-1,-1,-1,-1,-1,-1,-1,-1,-1,-1,-1,-1,-1,-1,-1,-1,-1,-1,-1,-1,-1,-1,-1,-1,-1,-1,-1,-1,-1,-1,-1,-1,-1,-1,-1,-1,-1,-1,-1,-1,-1,-1,-1,-1,-1,-1,-1,-1,-1,-1,-1,-1,-1,-1,-1,-1,-1,-1,-1,-1,-1,-1,-1,-1,-1,-1,-1,-1,-1,-1,-1,-1,-1,-1,-1,-1,-1,-1,-1,-1,-1,-1,-1,-1,-1,-1,-1,-1,-1,-1,-1,-1,-1,-1,-1,-1,-1,-1,-1,-1,-1,-1,-1,-1,-1,-1,-1,-1,-1,-1,-1,-1,-1,-1,-1,-1,-1,-1,-1,-1,-1,-1,-1,-1,-1,-1,-1,-1,-1,-1,-1,-1,-1,-1,-1,-1,-1,-1,-1,-1,-1,-1,-1,-1,-1,-1,-1,-1,-1,-1,-1,-1,-1,-1,-1,-1,-1,-1,-1,-1,-1,-1,-1,-1,-1,-1,-1,-1,-1,-1,-1,-1,-1,-1,-1,-1,-1,-1,-1,-1,-1,-1,-1,-1,-1,-1,-1,-1,-1,-1,-1,-1,-1,-1,-1,-1,-1,-1,-1,-1,-1,-1,-1,-1,-1,-1,-1,-1,-1,-1,-1,-1,-1,-1,-1,-1,-1,-1,-1,-1,-1,-1,-1,-1,-1,-1,-1,-1,-1,-1,-1,-1,-1,-1,-1,-1,-1,-1,-1,-1,-1,-1,-1,-1,-1,-1,-1",
                        "startOffsets": "-1,-1,-1,-1,-1,-1,-1,-1,-1,-1,-1,-1,-1,-1,-1,-1,-1,-1,-1,-1,-1,-1,-1,-1,-1,-1,-1,-1,-1,-1,-1,-1,-1,-1,-1,-1,-1,-1,-1,-1,-1,-1,-1,-1,-1,-1,-1,-1,-1,-1,-1,-1,-1,-1,-1,-1,-1,-1,-1,-1,-1,-1,-1,-1,-1,-1,-1,-1,-1,-1,-1,-1,-1,-1,-1,-1,-1,-1,-1,-1,-1,-1,-1,-1,-1,-1,-1,-1,-1,-1,-1,-1,-1,-1,-1,-1,-1,-1,-1,-1,-1,-1,-1,-1,-1,-1,-1,-1,-1,-1,-1,-1,-1,-1,-1,-1,-1,-1,-1,-1,-1,-1,-1,-1,-1,-1,-1,-1,-1,-1,-1,-1,-1,-1,-1,-1,-1,-1,-1,-1,-1,-1,-1,-1,-1,-1,-1,-1,-1,-1,-1,-1,-1,-1,-1,-1,-1,-1,-1,-1,-1,-1,-1,-1,-1,-1,-1,-1,-1,-1,-1,-1,-1,-1,-1,-1,-1,-1,-1,-1,-1,-1,-1,-1,-1,-1,-1,-1,-1,-1,-1,-1,-1,-1,-1,-1,-1,-1,-1,-1,-1,-1,-1,-1,-1,-1,-1,-1,-1,-1,-1,-1,-1,-1,-1,-1,-1,-1,-1,-1,-1,-1,-1,-1,-1,-1,-1,-1,-1,-1,-1,-1,-1,-1,-1,-1,-1,-1,-1,-1,-1,-1,-1,-1,-1,-1,-1,-1,-1,-1,-1,-1,-1,-1,-1,-1,-1,-1,-1,-1,-1,-1,-1,-1,-1,-1,-1,-1,-1,-1,-1,-1,-1,-1,-1,-1,-1,-1,-1,-1,-1,-1,-1,-1,-1,-1,-1,-1,-1,-1,-1,-1,-1,-1,-1,-1,-1,-1,-1,-1,-1,-1,-1,-1,-1,-1,-1,-1,-1,-1,-1,-1,-1,-1,-1,-1,-1,-1,-1,-1,-1,-1,-1,-1,-1,-1,-1,-1,-1,-1,-1,-1,-1,-1,-1,-1,-1,-1,-1,-1,-1,-1,-1,-1,-1,-1,-1,-1,-1,-1,-1,-1,-1,-1,-1,-1,-1,-1,-1,-1,-1,-1,-1,-1,-1,-1,-1,-1,-1,-1,-1,-1,-1,-1,-1,-1,-1,-1,-1,-1,-1,-1,-1,-1,-1,-1,-1,-1,-1,-1,-1,-1,-1,-1,-1,-1,-1,-1,-1,-1,-1,-1,-1,-1,-1,-1,-1,-1,-1,-1,-1,-1,-1,-1,-1,-1,-1,-1,-1,-1,-1,-1,-1,-1,-1,-1,-1,-1,-1,-1,-1,-1,-1,-1,-1,-1,-1,-1,-1,-1,-1,-1,-1,-1,-1,-1,-1,-1,-1,-1,-1,-1,-1,-1,-1,-1,-1,-1,-1,-1,-1,-1,-1,-1,-1,-1,-1,-1,-1,-1,-1,-1,-1,-1,-1,-1,-1,-1,-1,-1,-1,-1,-1,-1,-1,-1,-1,-1,-1,-1,-1,-1,-1,-1,-1,-1,-1,-1,-1,-1,-1,-1,-1,-1,-1,-1,-1,-1,-1,-1,-1,-1,-1,-1,-1,-1,-1,-1,-1,-1,-1,-1,-1,-1,-1,-1,-1,-1,-1,-1"
                    },
                    "to": {
                        "startLines": "25,31,33,165,166,167,168,170,171,172,173,174,175,176,177,178,179,180,181,182,183,184,185,186,187,206,207,208,209,210,211,212,213,214,215,216,217,218,219,220,221,222,223,224,225,226,227,238,239,240,241,242,243,244,245,246,247,248,249,250,251,252,253,254,255,256,257,258,259,260,261,262,263,264,265,266,267,268,269,270,271,272,273,274,275,276,277,278,279,280,281,282,283,284,285,286,287,288,289,290,291,292,293,294,295,296,297,298,299,300,301,302,303,304,305,306,307,308,309,310,311,312,313,314,315,316,317,318,319,320,321,322,323,324,325,326,327,328,329,330,331,332,389,390,395,396,397,398,399,400,401,470,471,472,473,474,475,476,477,486,487,488,489,491,499,500,506,521,523,524,527,528,538,539,540,541,542,543,544,545,546,547,548,549,550,551,552,553,554,555,556,557,558,559,560,561,562,563,564,565,566,567,568,569,570,571,572,573,574,575,576,617,630,631,632,633,634,651,659,660,664,668,679,684,690,697,701,705,710,714,718,722,726,730,734,740,744,750,754,760,764,769,773,776,780,786,790,796,800,806,809,813,817,821,825,829,830,831,832,835,838,841,844,848,849,850,851,852,855,857,859,861,866,867,871,877,881,882,884,895,896,900,906,910,964,965,969,996,1000,1001,1005,1255,1422,1448,1616,1642,1673,1681,1687,1701,1723,1728,1733,1743,1752,1761,1765,1772,1780,1787,1788,1797,1800,1803,1807,1811,1815,1818,1819,1823,1827,1837,1842,1849,1855,1856,1859,1863,1868,1870,1872,1875,1878,1880,1884,1887,1894,1897,1900,1904,1906,1910,1912,1914,1916,1920,1928,1936,1948,1954,1963,1966,1977,1980,1985,1986,2072,2130,2193,2194,2204,2213,2214,2216,2220,2223,2226,2229,2232,2235,2238,2241,2245,2248,2251,2254,2258,2261,2265,2269,2270,2271,2272,2273,2274,2275,2276,2277,2278,2279,2280,2281,2282,2283,2284,2285,2286,2287,2288,2289,2291,2293,2294,2295,2296,2297,2298,2299,2300,2302,2303,2305,2306,2308,2310,2311,2313,2314,2315,2316,2317,2318,2320,2321,2322,2323,2324,2474,2476,2478,2480,2481,2482,2483,2484,2485,2486,2487,2488,2489,2490,2491,2492,2494,2495,2496,2497,2498,2499,2501,2505,2574,2575,2576,2577,2578,2579,2580,2603,2605,2607,2609,2611,2613,2614,2615,2616,2618,2620,2622,2623,2624,2625,2626,2627,2628,2629,2630,2631,2632,2633,2636,2637,2638,2639,2641,2643,2644,2646,2647,2649,2651,2653,2654,2655,2656,2657,2658,2659,2660,2661,2662,2663,2664,2666,2667,2668,2669,2671,2672,2673,2674,2675,2677,2679,2681,2683,2684,2685,2686,2687,2688,2689,2690,2691,2692,2693,2694,2695,2696",
                        "startColumns": "4,4,4,4,4,4,4,4,4,4,4,4,4,4,4,4,4,4,4,4,4,4,4,4,4,4,4,4,4,4,4,4,4,4,4,4,4,4,4,4,4,4,4,4,4,4,4,4,4,4,4,4,4,4,4,4,4,4,4,4,4,4,4,4,4,4,4,4,4,4,4,4,4,4,4,4,4,4,4,4,4,4,4,4,4,4,4,4,4,4,4,4,4,4,4,4,4,4,4,4,4,4,4,4,4,4,4,4,4,4,4,4,4,4,4,4,4,4,4,4,4,4,4,4,4,4,4,4,4,4,4,4,4,4,4,4,4,4,4,4,4,4,4,4,4,4,4,4,4,4,4,4,4,4,4,4,4,4,4,4,4,4,4,4,4,4,4,4,4,4,4,4,4,4,4,4,4,4,4,4,4,4,4,4,4,4,4,4,4,4,4,4,4,4,4,4,4,4,4,4,4,4,4,4,4,4,4,4,4,4,4,4,4,4,4,4,4,4,4,4,4,4,4,4,4,4,4,4,4,4,4,4,4,4,4,4,4,4,4,4,4,4,4,4,4,4,4,4,4,4,4,4,4,4,4,4,4,4,4,4,4,4,4,4,4,4,4,4,4,4,4,4,4,4,4,4,4,4,4,4,4,4,4,4,4,4,4,4,4,4,4,4,4,4,4,4,4,4,4,4,4,4,4,4,4,4,4,4,4,4,4,4,4,4,4,4,4,4,4,4,4,4,4,4,4,4,4,4,4,4,4,4,4,4,4,4,4,4,4,4,4,4,4,4,4,4,4,4,4,4,4,4,4,4,4,4,4,4,4,4,4,4,4,4,4,4,4,4,4,4,4,4,4,4,4,4,4,4,4,4,4,4,4,4,4,4,4,4,4,4,4,4,4,4,4,4,4,4,4,4,4,4,4,4,4,4,4,4,4,4,4,4,4,4,4,4,4,4,4,4,4,4,4,4,4,4,4,4,4,4,4,4,4,4,4,4,4,4,4,4,4,4,4,4,4,4,4,4,4,4,4,4,4,4,4,4,4,4,4,4,4,4,4,4,4,4,4,4,4,4,4,4,4,4,4,4,4,4,4,4,4,4,4,4,4,4,4,4,4,4,4,4,4,4,4,4,4,4,4,4,4,4,4,4,4,4,4,4,4,4,4,4,4,4,4,4,4,4,4,4,4,4,4,4,4,4,4,4,4,4",
                        "startOffsets": "1262,1489,1587,8004,8045,8100,8159,8283,8364,8425,8500,8576,8653,8731,8816,8898,8974,9050,9127,9205,9311,9417,9496,9576,9633,10847,10921,10996,11061,11127,11187,11248,11320,11393,11460,11528,11587,11646,11705,11764,11823,11877,11931,11984,12038,12092,12146,12884,12958,13037,13110,13184,13255,13327,13399,13472,13529,13587,13660,13734,13808,13883,13955,14028,14098,14169,14229,14290,14359,14428,14498,14572,14648,14712,14789,14865,14942,15007,15076,15153,15228,15297,15365,15442,15508,15569,15666,15731,15800,15899,15970,16029,16087,16144,16203,16267,16338,16410,16482,16554,16626,16693,16761,16829,16888,16951,17015,17105,17196,17256,17322,17389,17455,17525,17589,17642,17755,17813,17876,17941,18006,18081,18154,18226,18275,18336,18397,18458,18520,18584,18648,18712,18777,18840,18900,18961,19027,19086,19146,19208,19279,19339,22983,23069,23361,23451,23538,23626,23708,23791,23881,28131,28183,28241,28286,28352,28416,28473,28530,29262,29319,29367,29416,29507,29893,29940,30224,30951,31031,31095,31285,31345,31966,32040,32110,32188,32242,32312,32397,32445,32491,32562,32640,32718,32790,32864,32938,33012,33092,33165,33234,33306,33383,33444,33507,33573,33637,33708,33771,33836,33900,33961,34022,34074,34147,34221,34290,34365,34439,34513,34654,38145,38985,39063,39153,39241,39337,40308,40890,40979,41226,41507,42173,42458,42851,43328,43550,43772,44048,44275,44505,44735,44965,45195,45422,45841,46067,46492,46722,47150,47369,47652,47860,47991,48218,48644,48869,49296,49517,49942,50062,50338,50639,50963,51254,51568,51705,51836,51941,52183,52350,52554,52762,53033,53145,53257,53362,53479,53693,53839,53979,54065,54413,54501,54747,55165,55414,55496,55594,56186,56286,56538,56962,57217,61019,61108,61345,63369,63611,63713,63966,82003,92132,93648,103876,105404,107161,107787,108207,109268,110533,110789,111025,111572,112066,112671,112869,113449,114013,114388,114506,115044,115201,115397,115670,115926,116096,116237,116301,116583,116869,117545,117809,118147,118500,118594,118780,119086,119348,119473,119600,119839,120050,120169,120362,120539,120994,121175,121297,121556,121669,121856,121958,122065,122194,122469,122977,123473,124350,124644,125214,125363,126095,126267,126603,126695,131020,135302,140071,140133,140711,141295,141386,141499,141728,141888,142040,142211,142377,142546,142713,142876,143119,143289,143462,143633,143907,144106,144311,144641,144725,144821,144917,145015,145115,145217,145319,145421,145523,145625,145725,145821,145933,146062,146185,146316,146447,146545,146659,146753,146893,147027,147123,147235,147335,147451,147547,147659,147759,147899,148035,148199,148329,148487,148637,148778,148922,149057,149169,149319,149447,149575,149711,149843,149973,150103,150215,158447,158593,158737,158875,158941,159031,159107,159211,159301,159403,159511,159619,159719,159799,159891,159989,160099,160177,160283,160375,160479,160589,160711,160874,165359,165439,165539,165629,165739,165833,165939,167637,167737,167849,167963,168079,168195,168289,168403,168515,168617,168737,168859,168941,169045,169165,169291,169389,169483,169571,169683,169799,169921,170033,170208,170324,170410,170502,170614,170738,170805,170931,170999,171127,171271,171399,171468,171563,171678,171791,171890,171999,172110,172221,172322,172427,172527,172657,172748,172871,172965,173077,173163,173267,173363,173451,173569,173673,173777,173903,173991,174099,174199,174289,174399,174483,174585,174669,174723,174787,174893,175003,175087",
                        "endLines": "25,31,33,165,166,167,168,170,171,172,173,174,175,176,177,178,179,180,181,182,183,184,185,186,187,206,207,208,209,210,211,212,213,214,215,216,217,218,219,220,221,222,223,224,225,226,227,238,239,240,241,242,243,244,245,246,247,248,249,250,251,252,253,254,255,256,257,258,259,260,261,262,263,264,265,266,267,268,269,270,271,272,273,274,275,276,277,278,279,280,281,282,283,284,285,286,287,288,289,290,291,292,293,294,295,296,297,298,299,300,301,302,303,304,305,306,307,308,309,310,311,312,313,314,315,316,317,318,319,320,321,322,323,324,325,326,327,328,329,330,331,332,389,390,395,396,397,398,399,400,401,470,471,472,473,474,475,476,477,486,487,488,489,491,499,500,506,521,523,524,527,528,538,539,540,541,542,543,544,545,546,547,548,549,550,551,552,553,554,555,556,557,558,559,560,561,562,563,564,565,566,567,568,569,570,571,572,573,574,575,576,617,630,631,632,633,634,658,659,663,667,671,683,689,696,700,704,709,713,717,721,725,729,733,739,743,749,753,759,763,768,772,775,779,785,789,795,799,805,808,812,816,820,824,828,829,830,831,834,837,840,843,847,848,849,850,851,854,856,858,860,865,866,870,876,880,881,883,894,895,899,905,909,910,964,968,995,999,1000,1004,1032,1421,1447,1615,1641,1672,1680,1686,1700,1722,1727,1732,1742,1751,1760,1764,1771,1779,1786,1787,1796,1799,1802,1806,1810,1814,1817,1818,1822,1826,1836,1841,1848,1854,1855,1858,1862,1867,1869,1871,1874,1877,1879,1883,1886,1893,1896,1899,1903,1905,1909,1911,1913,1915,1919,1927,1935,1947,1953,1962,1965,1976,1979,1984,1985,1990,2129,2188,2193,2203,2212,2213,2215,2219,2222,2225,2228,2231,2234,2237,2240,2244,2247,2250,2253,2257,2260,2264,2268,2269,2270,2271,2272,2273,2274,2275,2276,2277,2278,2279,2280,2281,2282,2283,2284,2285,2286,2287,2288,2290,2292,2293,2294,2295,2296,2297,2298,2299,2301,2302,2304,2305,2307,2309,2310,2312,2313,2314,2315,2316,2317,2319,2320,2321,2322,2323,2324,2475,2477,2479,2480,2481,2482,2483,2484,2485,2486,2487,2488,2489,2490,2491,2493,2494,2495,2496,2497,2498,2500,2504,2508,2574,2575,2576,2577,2578,2579,2580,2604,2606,2608,2610,2612,2613,2614,2615,2617,2619,2621,2622,2623,2624,2625,2626,2627,2628,2629,2630,2631,2632,2635,2636,2637,2638,2640,2642,2643,2645,2646,2648,2650,2652,2653,2654,2655,2656,2657,2658,2659,2660,2661,2662,2663,2665,2666,2667,2668,2670,2671,2672,2673,2674,2676,2678,2680,2682,2683,2684,2685,2686,2687,2688,2689,2690,2691,2692,2693,2694,2695,2696",
                        "endColumns": "54,44,48,40,54,58,61,80,60,74,75,76,77,84,81,75,75,76,77,105,105,78,79,56,57,73,74,64,65,59,60,71,72,66,67,58,58,58,58,58,53,53,52,53,53,53,53,73,78,72,73,70,71,71,72,56,57,72,73,73,74,71,72,69,70,59,60,68,68,69,73,75,63,76,75,76,64,68,76,74,68,67,76,65,60,96,64,68,98,70,58,57,56,58,63,70,71,71,71,71,66,67,67,58,62,63,89,90,59,65,66,65,69,63,52,112,57,62,64,64,74,72,71,48,60,60,60,61,63,63,63,64,62,59,60,65,58,59,61,70,59,67,85,86,89,86,87,81,82,89,90,51,57,44,65,63,56,56,53,56,47,48,50,33,46,48,45,31,63,61,59,56,73,69,77,53,69,84,47,45,70,77,77,71,73,73,73,79,72,68,71,76,60,62,65,63,70,62,64,63,60,60,51,72,73,68,74,73,73,140,69,52,77,89,87,95,89,12,88,12,12,12,12,12,12,12,12,12,12,12,12,12,12,12,12,12,12,12,12,12,12,12,12,12,12,12,12,12,12,12,12,12,12,12,12,136,130,104,12,12,12,12,12,111,111,104,116,12,12,12,12,12,87,12,12,12,81,12,12,99,12,12,12,93,88,12,12,12,101,12,12,12,12,12,12,12,12,12,12,12,12,12,12,12,12,12,12,12,12,117,12,12,12,12,12,12,12,63,12,12,12,12,12,12,93,12,12,12,12,12,12,12,12,12,12,12,12,12,12,12,12,12,12,12,12,12,12,12,12,12,12,12,12,12,91,12,12,12,61,12,12,90,12,12,12,12,12,12,12,12,12,12,12,12,12,12,12,12,12,83,95,95,97,99,101,101,101,101,101,99,95,111,128,122,130,130,97,113,93,12,12,95,111,99,115,95,111,99,12,135,12,129,12,12,140,12,134,111,149,127,127,12,131,129,129,111,139,12,12,12,65,89,75,103,89,101,107,107,99,79,91,97,12,77,105,91,103,109,12,12,12,79,99,89,109,93,105,91,12,12,12,12,12,93,113,111,12,12,12,81,103,119,125,97,93,87,111,115,121,111,12,115,85,91,12,12,66,12,67,12,12,12,68,94,114,112,98,108,110,110,100,104,99,12,90,122,93,12,85,103,95,87,12,12,12,12,87,107,99,89,109,83,101,83,53,63,105,109,83,119",
                        "endOffsets": "1312,1529,1631,8040,8095,8154,8216,8359,8420,8495,8571,8648,8726,8811,8893,8969,9045,9122,9200,9306,9412,9491,9571,9628,9686,10916,10991,11056,11122,11182,11243,11315,11388,11455,11523,11582,11641,11700,11759,11818,11872,11926,11979,12033,12087,12141,12195,12953,13032,13105,13179,13250,13322,13394,13467,13524,13582,13655,13729,13803,13878,13950,14023,14093,14164,14224,14285,14354,14423,14493,14567,14643,14707,14784,14860,14937,15002,15071,15148,15223,15292,15360,15437,15503,15564,15661,15726,15795,15894,15965,16024,16082,16139,16198,16262,16333,16405,16477,16549,16621,16688,16756,16824,16883,16946,17010,17100,17191,17251,17317,17384,17450,17520,17584,17637,17750,17808,17871,17936,18001,18076,18149,18221,18270,18331,18392,18453,18515,18579,18643,18707,18772,18835,18895,18956,19022,19081,19141,19203,19274,19334,19402,23064,23151,23446,23533,23621,23703,23786,23876,23967,28178,28236,28281,28347,28411,28468,28525,28579,29314,29362,29411,29462,29536,29935,29984,30265,30978,31090,31152,31340,31397,32035,32105,32183,32237,32307,32392,32440,32486,32557,32635,32713,32785,32859,32933,33007,33087,33160,33229,33301,33378,33439,33502,33568,33632,33703,33766,33831,33895,33956,34017,34069,34142,34216,34285,34360,34434,34508,34649,34719,38193,39058,39148,39236,39332,39422,40885,40974,41221,41502,41754,42453,42846,43323,43545,43767,44043,44270,44500,44730,44960,45190,45417,45836,46062,46487,46717,47145,47364,47647,47855,47986,48213,48639,48864,49291,49512,49937,50057,50333,50634,50958,51249,51563,51700,51831,51936,52178,52345,52549,52757,53028,53140,53252,53357,53474,53688,53834,53974,54060,54408,54496,54742,55160,55409,55491,55589,56181,56281,56533,56957,57212,57306,61103,61340,63364,63606,63708,63961,66117,92127,93643,103871,105399,107156,107782,108202,109263,110528,110784,111020,111567,112061,112666,112864,113444,114008,114383,114501,115039,115196,115392,115665,115921,116091,116232,116296,116578,116864,117540,117804,118142,118495,118589,118775,119081,119343,119468,119595,119834,120045,120164,120357,120534,120989,121170,121292,121551,121664,121851,121953,122060,122189,122464,122972,123468,124345,124639,125209,125358,126090,126262,126598,126690,126968,135297,139722,140128,140706,141290,141381,141494,141723,141883,142035,142206,142372,142541,142708,142871,143114,143284,143457,143628,143902,144101,144306,144636,144720,144816,144912,145010,145110,145212,145314,145416,145518,145620,145720,145816,145928,146057,146180,146311,146442,146540,146654,146748,146888,147022,147118,147230,147330,147446,147542,147654,147754,147894,148030,148194,148324,148482,148632,148773,148917,149052,149164,149314,149442,149570,149706,149838,149968,150098,150210,150350,158588,158732,158870,158936,159026,159102,159206,159296,159398,159506,159614,159714,159794,159886,159984,160094,160172,160278,160370,160474,160584,160706,160869,161026,165434,165534,165624,165734,165828,165934,166026,167732,167844,167958,168074,168190,168284,168398,168510,168612,168732,168854,168936,169040,169160,169286,169384,169478,169566,169678,169794,169916,170028,170203,170319,170405,170497,170609,170733,170800,170926,170994,171122,171266,171394,171463,171558,171673,171786,171885,171994,172105,172216,172317,172422,172522,172652,172743,172866,172960,173072,173158,173262,173358,173446,173564,173668,173772,173898,173986,174094,174194,174284,174394,174478,174580,174664,174718,174782,174888,174998,175082,175202"
                    }
                },
                {
                    "source": "/Users/naseemhamed/.gradle/caches/transforms-2/files-2.1/ceb81553a8d4d1147c847656f2ca2121/recyclerview-1.0.0/res/values/values.xml",
                    "from": {
                        "startLines": "-1,-1,-1,-1,-1,-1,-1",
                        "startColumns": "-1,-1,-1,-1,-1,-1,-1",
                        "startOffsets": "-1,-1,-1,-1,-1,-1,-1"
                    },
                    "to": {
                        "startLines": "392,393,394,402,403,404,492",
                        "startColumns": "4,4,4,4,4,4,4",
                        "startOffsets": "23198,23257,23305,23972,24047,24123,29541",
                        "endColumns": "58,47,55,74,75,71,65",
                        "endOffsets": "23252,23300,23356,24042,24118,24190,29602"
                    }
                },
                {
                    "source": "/Users/naseemhamed/AndroidStudioProjects/MomentumDrawer/app/src/main/res/values/strings.xml",
                    "from": {
                        "startLines": "-1,-1,-1,-1,-1,-1,-1,-1,-1,-1,-1,-1,-1,-1,-1,-1,-1,-1,-1,-1,-1,-1,-1,-1,-1,-1,-1,-1,-1,-1,-1,-1,37,-1,-1,-1",
                        "startColumns": "-1,-1,-1,-1,-1,-1,-1,-1,-1,-1,-1,-1,-1,-1,-1,-1,-1,-1,-1,-1,-1,-1,-1,-1,-1,-1,-1,-1,-1,-1,-1,-1,4,-1,-1,-1",
                        "startOffsets": "-1,-1,-1,-1,-1,-1,-1,-1,-1,-1,-1,-1,-1,-1,-1,-1,-1,-1,-1,-1,-1,-1,-1,-1,-1,-1,-1,-1,-1,-1,-1,-1,2106,-1,-1,-1",
                        "endColumns": "-1,-1,-1,-1,-1,-1,-1,-1,-1,-1,-1,-1,-1,-1,-1,-1,-1,-1,-1,-1,-1,-1,-1,-1,-1,-1,-1,-1,-1,-1,-1,-1,62,-1,-1,-1",
                        "endOffsets": "-1,-1,-1,-1,-1,-1,-1,-1,-1,-1,-1,-1,-1,-1,-1,-1,-1,-1,-1,-1,-1,-1,-1,-1,-1,-1,-1,-1,-1,-1,-1,-1,2164,-1,-1,-1"
                    },
                    "to": {
                        "startLines": "577,578,579,580,581,582,589,591,592,593,594,595,596,597,598,599,603,604,605,606,607,613,614,615,616,619,620,621,622,623,624,625,626,627,628,629",
                        "startColumns": "4,4,4,4,4,4,4,4,4,4,4,4,4,4,4,4,4,4,4,4,4,4,4,4,4,4,4,4,4,4,4,4,4,4,4,4",
                        "startOffsets": "34724,34777,34828,34885,34949,35005,35837,36041,36117,36183,36239,36289,36334,36377,36440,36483,36772,36834,36898,36956,37032,37908,37955,38005,38058,38269,38338,38405,38486,38541,38598,38661,38734,38797,38856,38937",
                        "endColumns": "52,50,56,63,55,45,50,75,65,55,49,44,42,62,42,44,61,63,57,75,73,46,49,52,86,68,66,80,54,56,62,72,62,58,80,47",
                        "endOffsets": "34772,34823,34880,34944,35000,35046,35883,36112,36178,36234,36284,36329,36372,36435,36478,36523,36829,36893,36951,37027,37101,37950,38000,38053,38140,38333,38400,38481,38536,38593,38656,38729,38792,38851,38932,38980"
                    }
                }
            ]
        }
    ]
}