{
    "logs": [
        {
            "outputFile": "/Users/naseemhamed/AndroidStudioProjects/MomentumDrawer/app/build/intermediates/incremental/mergeDebugResources/merged.dir/values-pl/values-pl.xml",
            "map": [
                {
                    "source": "/Users/naseemhamed/.gradle/caches/transforms-2/files-2.1/8f8ab13dc8f4e84e14a8bb3d9ac92bc4/core-1.0.1/res/values-pl/values-pl.xml",
                    "from": {
                        "startLines": "2",
                        "startColumns": "4",
                        "startOffsets": "55",
                        "endColumns": "100",
                        "endOffsets": "151"
                    },
                    "to": {
                        "startLines": "32",
                        "startColumns": "4",
                        "startOffsets": "3134",
                        "endColumns": "100",
                        "endOffsets": "3230"
                    }
                },
                {
                    "source": "/Users/naseemhamed/.gradle/caches/transforms-2/files-2.1/5f3e94dac9e0a5a8e5257f851df7be62/jetified-navigation-ui-2.0.0/res/values-pl/values-pl.xml",
                    "from": {
                        "startLines": "2,3",
                        "startColumns": "4,4",
                        "startOffsets": "55,163",
                        "endColumns": "107,116",
                        "endOffsets": "158,275"
                    },
                    "to": {
                        "startLines": "29,30",
                        "startColumns": "4,4",
                        "startOffsets": "2827,2935",
                        "endColumns": "107,116",
                        "endOffsets": "2930,3047"
                    }
                },
                {
                    "source": "/Users/naseemhamed/.gradle/caches/transforms-2/files-2.1/697f71c0c12135256cbfe98df498a7e4/appcompat-1.0.2/res/values-pl/values-pl.xml",
                    "from": {
                        "startLines": "2,3,4,5,6,7,8,9,10,11,12,13,14,15,16,17,18,19,20,21,22,23,24,25,26,27,28,29",
                        "startColumns": "4,4,4,4,4,4,4,4,4,4,4,4,4,4,4,4,4,4,4,4,4,4,4,4,4,4,4,4",
                        "startOffsets": "105,221,323,431,517,626,745,823,900,991,1084,1180,1274,1376,1469,1564,1659,1750,1841,1923,2032,2141,2240,2349,2460,2568,2731,2827",
                        "endColumns": "115,101,107,85,108,118,77,76,90,92,95,93,101,92,94,94,90,90,81,108,108,98,108,110,107,162,95,81",
                        "endOffsets": "216,318,426,512,621,740,818,895,986,1079,1175,1269,1371,1464,1559,1654,1745,1836,1918,2027,2136,2235,2344,2455,2563,2726,2822,2904"
                    },
                    "to": {
                        "startLines": "2,3,4,5,6,7,8,9,10,11,12,13,14,15,16,17,18,19,20,21,22,23,24,25,26,27,28,31",
                        "startColumns": "4,4,4,4,4,4,4,4,4,4,4,4,4,4,4,4,4,4,4,4,4,4,4,4,4,4,4,4",
                        "startOffsets": "105,221,323,431,517,626,745,823,900,991,1084,1180,1274,1376,1469,1564,1659,1750,1841,1923,2032,2141,2240,2349,2460,2568,2731,3052",
                        "endColumns": "115,101,107,85,108,118,77,76,90,92,95,93,101,92,94,94,90,90,81,108,108,98,108,110,107,162,95,81",
                        "endOffsets": "216,318,426,512,621,740,818,895,986,1079,1175,1269,1371,1464,1559,1654,1745,1836,1918,2027,2136,2235,2344,2455,2563,2726,2822,3129"
                    }
                }
            ]
        }
    ]
}