{
    "logs": [
        {
            "outputFile": "/Users/naseemhamed/AndroidStudioProjects/MomentumDrawer/app/build/intermediates/incremental/mergeDebugResources/merged.dir/values-kn/values-kn.xml",
            "map": [
                {
                    "source": "/Users/naseemhamed/.gradle/caches/transforms-2/files-2.1/5f3e94dac9e0a5a8e5257f851df7be62/jetified-navigation-ui-2.0.0/res/values-kn/values-kn.xml",
                    "from": {
                        "startLines": "2,3",
                        "startColumns": "4,4",
                        "startOffsets": "55,173",
                        "endColumns": "117,128",
                        "endOffsets": "168,297"
                    },
                    "to": {
                        "startLines": "29,30",
                        "startColumns": "4,4",
                        "startOffsets": "2866,2984",
                        "endColumns": "117,128",
                        "endOffsets": "2979,3108"
                    }
                },
                {
                    "source": "/Users/naseemhamed/.gradle/caches/transforms-2/files-2.1/8f8ab13dc8f4e84e14a8bb3d9ac92bc4/core-1.0.1/res/values-kn/values-kn.xml",
                    "from": {
                        "startLines": "2",
                        "startColumns": "4",
                        "startOffsets": "55",
                        "endColumns": "100",
                        "endOffsets": "151"
                    },
                    "to": {
                        "startLines": "32",
                        "startColumns": "4",
                        "startOffsets": "3195",
                        "endColumns": "100",
                        "endOffsets": "3291"
                    }
                },
                {
                    "source": "/Users/naseemhamed/.gradle/caches/transforms-2/files-2.1/697f71c0c12135256cbfe98df498a7e4/appcompat-1.0.2/res/values-kn/values-kn.xml",
                    "from": {
                        "startLines": "2,3,4,5,6,7,8,9,10,11,12,13,14,15,16,17,18,19,20,21,22,23,24,25,26,27,28,29",
                        "startColumns": "4,4,4,4,4,4,4,4,4,4,4,4,4,4,4,4,4,4,4,4,4,4,4,4,4,4,4,4",
                        "startOffsets": "105,223,335,448,536,643,770,847,924,1015,1108,1204,1298,1399,1492,1587,1681,1772,1863,1945,2061,2172,2271,2384,2488,2602,2766,2866",
                        "endColumns": "117,111,112,87,106,126,76,76,90,92,95,93,100,92,94,93,90,90,81,115,110,98,112,103,113,163,99,81",
                        "endOffsets": "218,330,443,531,638,765,842,919,1010,1103,1199,1293,1394,1487,1582,1676,1767,1858,1940,2056,2167,2266,2379,2483,2597,2761,2861,2943"
                    },
                    "to": {
                        "startLines": "2,3,4,5,6,7,8,9,10,11,12,13,14,15,16,17,18,19,20,21,22,23,24,25,26,27,28,31",
                        "startColumns": "4,4,4,4,4,4,4,4,4,4,4,4,4,4,4,4,4,4,4,4,4,4,4,4,4,4,4,4",
                        "startOffsets": "105,223,335,448,536,643,770,847,924,1015,1108,1204,1298,1399,1492,1587,1681,1772,1863,1945,2061,2172,2271,2384,2488,2602,2766,3113",
                        "endColumns": "117,111,112,87,106,126,76,76,90,92,95,93,100,92,94,93,90,90,81,115,110,98,112,103,113,163,99,81",
                        "endOffsets": "218,330,443,531,638,765,842,919,1010,1103,1199,1293,1394,1487,1582,1676,1767,1858,1940,2056,2167,2266,2379,2483,2597,2761,2861,3190"
                    }
                }
            ]
        }
    ]
}