{
    "logs": [
        {
            "outputFile": "/Users/naseemhamed/AndroidStudioProjects/MomentumDrawer/app/build/intermediates/incremental/mergeDebugResources/merged.dir/values-fa/values-fa.xml",
            "map": [
                {
                    "source": "/Users/naseemhamed/.gradle/caches/transforms-2/files-2.1/8f8ab13dc8f4e84e14a8bb3d9ac92bc4/core-1.0.1/res/values-fa/values-fa.xml",
                    "from": {
                        "startLines": "2",
                        "startColumns": "4",
                        "startOffsets": "55",
                        "endColumns": "100",
                        "endOffsets": "151"
                    },
                    "to": {
                        "startLines": "32",
                        "startColumns": "4",
                        "startOffsets": "3127",
                        "endColumns": "100",
                        "endOffsets": "3223"
                    }
                },
                {
                    "source": "/Users/naseemhamed/.gradle/caches/transforms-2/files-2.1/697f71c0c12135256cbfe98df498a7e4/appcompat-1.0.2/res/values-fa/values-fa.xml",
                    "from": {
                        "startLines": "2,3,4,5,6,7,8,9,10,11,12,13,14,15,16,17,18,19,20,21,22,23,24,25,26,27,28,29",
                        "startColumns": "4,4,4,4,4,4,4,4,4,4,4,4,4,4,4,4,4,4,4,4,4,4,4,4,4,4,4,4",
                        "startOffsets": "105,215,318,429,513,616,731,810,888,981,1076,1172,1266,1369,1464,1561,1660,1753,1843,1924,2036,2139,2237,2347,2451,2560,2721,2822",
                        "endColumns": "109,102,110,83,102,114,78,77,92,94,95,93,102,94,96,98,92,89,80,111,102,97,109,103,108,160,100,80",
                        "endOffsets": "210,313,424,508,611,726,805,883,976,1071,1167,1261,1364,1459,1556,1655,1748,1838,1919,2031,2134,2232,2342,2446,2555,2716,2817,2898"
                    },
                    "to": {
                        "startLines": "2,3,4,5,6,7,8,9,10,11,12,13,14,15,16,17,18,19,20,21,22,23,24,25,26,27,28,31",
                        "startColumns": "4,4,4,4,4,4,4,4,4,4,4,4,4,4,4,4,4,4,4,4,4,4,4,4,4,4,4,4",
                        "startOffsets": "105,215,318,429,513,616,731,810,888,981,1076,1172,1266,1369,1464,1561,1660,1753,1843,1924,2036,2139,2237,2347,2451,2560,2721,3046",
                        "endColumns": "109,102,110,83,102,114,78,77,92,94,95,93,102,94,96,98,92,89,80,111,102,97,109,103,108,160,100,80",
                        "endOffsets": "210,313,424,508,611,726,805,883,976,1071,1167,1261,1364,1459,1556,1655,1748,1838,1919,2031,2134,2232,2342,2446,2555,2716,2817,3122"
                    }
                },
                {
                    "source": "/Users/naseemhamed/.gradle/caches/transforms-2/files-2.1/5f3e94dac9e0a5a8e5257f851df7be62/jetified-navigation-ui-2.0.0/res/values-fa/values-fa.xml",
                    "from": {
                        "startLines": "2,3",
                        "startColumns": "4,4",
                        "startOffsets": "55,164",
                        "endColumns": "108,114",
                        "endOffsets": "159,274"
                    },
                    "to": {
                        "startLines": "29,30",
                        "startColumns": "4,4",
                        "startOffsets": "2822,2931",
                        "endColumns": "108,114",
                        "endOffsets": "2926,3041"
                    }
                }
            ]
        }
    ]
}