{
    "logs": [
        {
            "outputFile": "/Users/naseemhamed/AndroidStudioProjects/MomentumDrawer/app/build/intermediates/incremental/mergeDebugResources/merged.dir/values-ko/values-ko.xml",
            "map": [
                {
                    "source": "/Users/naseemhamed/.gradle/caches/transforms-2/files-2.1/5f3e94dac9e0a5a8e5257f851df7be62/jetified-navigation-ui-2.0.0/res/values-ko/values-ko.xml",
                    "from": {
                        "startLines": "2,3",
                        "startColumns": "4,4",
                        "startOffsets": "55,155",
                        "endColumns": "99,101",
                        "endOffsets": "150,252"
                    },
                    "to": {
                        "startLines": "29,30",
                        "startColumns": "4,4",
                        "startOffsets": "2678,2778",
                        "endColumns": "99,101",
                        "endOffsets": "2773,2875"
                    }
                },
                {
                    "source": "/Users/naseemhamed/.gradle/caches/transforms-2/files-2.1/697f71c0c12135256cbfe98df498a7e4/appcompat-1.0.2/res/values-ko/values-ko.xml",
                    "from": {
                        "startLines": "2,3,4,5,6,7,8,9,10,11,12,13,14,15,16,17,18,19,20,21,22,23,24,25,26,27,28,29",
                        "startColumns": "4,4,4,4,4,4,4,4,4,4,4,4,4,4,4,4,4,4,4,4,4,4,4,4,4,4,4,4",
                        "startOffsets": "105,200,294,396,478,576,682,761,837,928,1021,1113,1204,1305,1398,1493,1587,1678,1769,1849,1947,2042,2137,2237,2333,2432,2584,2678",
                        "endColumns": "94,93,101,81,97,105,78,75,90,92,91,90,100,92,94,93,90,90,79,97,94,94,99,95,98,151,93,77",
                        "endOffsets": "195,289,391,473,571,677,756,832,923,1016,1108,1199,1300,1393,1488,1582,1673,1764,1844,1942,2037,2132,2232,2328,2427,2579,2673,2751"
                    },
                    "to": {
                        "startLines": "2,3,4,5,6,7,8,9,10,11,12,13,14,15,16,17,18,19,20,21,22,23,24,25,26,27,28,31",
                        "startColumns": "4,4,4,4,4,4,4,4,4,4,4,4,4,4,4,4,4,4,4,4,4,4,4,4,4,4,4,4",
                        "startOffsets": "105,200,294,396,478,576,682,761,837,928,1021,1113,1204,1305,1398,1493,1587,1678,1769,1849,1947,2042,2137,2237,2333,2432,2584,2880",
                        "endColumns": "94,93,101,81,97,105,78,75,90,92,91,90,100,92,94,93,90,90,79,97,94,94,99,95,98,151,93,77",
                        "endOffsets": "195,289,391,473,571,677,756,832,923,1016,1108,1199,1300,1393,1488,1582,1673,1764,1844,1942,2037,2132,2232,2328,2427,2579,2673,2953"
                    }
                },
                {
                    "source": "/Users/naseemhamed/.gradle/caches/transforms-2/files-2.1/8f8ab13dc8f4e84e14a8bb3d9ac92bc4/core-1.0.1/res/values-ko/values-ko.xml",
                    "from": {
                        "startLines": "2",
                        "startColumns": "4",
                        "startOffsets": "55",
                        "endColumns": "100",
                        "endOffsets": "151"
                    },
                    "to": {
                        "startLines": "32",
                        "startColumns": "4",
                        "startOffsets": "2958",
                        "endColumns": "100",
                        "endOffsets": "3054"
                    }
                }
            ]
        }
    ]
}