{
    "logs": [
        {
            "outputFile": "/Users/naseemhamed/AndroidStudioProjects/MomentumDrawer/app/build/intermediates/incremental/mergeDebugResources/merged.dir/values-zh-rHK/values-zh-rHK.xml",
            "map": [
                {
                    "source": "/Users/naseemhamed/.gradle/caches/transforms-2/files-2.1/5f3e94dac9e0a5a8e5257f851df7be62/jetified-navigation-ui-2.0.0/res/values-zh-rHK/values-zh-rHK.xml",
                    "from": {
                        "startLines": "2,3",
                        "startColumns": "4,4",
                        "startOffsets": "55,154",
                        "endColumns": "98,99",
                        "endOffsets": "149,249"
                    },
                    "to": {
                        "startLines": "29,30",
                        "startColumns": "4,4",
                        "startOffsets": "2668,2767",
                        "endColumns": "98,99",
                        "endOffsets": "2762,2862"
                    }
                },
                {
                    "source": "/Users/naseemhamed/.gradle/caches/transforms-2/files-2.1/8f8ab13dc8f4e84e14a8bb3d9ac92bc4/core-1.0.1/res/values-zh-rHK/values-zh-rHK.xml",
                    "from": {
                        "startLines": "2",
                        "startColumns": "4",
                        "startOffsets": "55",
                        "endColumns": "100",
                        "endOffsets": "151"
                    },
                    "to": {
                        "startLines": "32",
                        "startColumns": "4",
                        "startOffsets": "2945",
                        "endColumns": "100",
                        "endOffsets": "3041"
                    }
                },
                {
                    "source": "/Users/naseemhamed/.gradle/caches/transforms-2/files-2.1/697f71c0c12135256cbfe98df498a7e4/appcompat-1.0.2/res/values-zh-rHK/values-zh-rHK.xml",
                    "from": {
                        "startLines": "2,3,4,5,6,7,8,9,10,11,12,13,14,15,16,17,18,19,20,21,22,23,24,25,26,27,28,29",
                        "startColumns": "4,4,4,4,4,4,4,4,4,4,4,4,4,4,4,4,4,4,4,4,4,4,4,4,4,4,4,4",
                        "startOffsets": "105,200,293,393,475,572,680,756,832,924,1018,1110,1206,1302,1396,1492,1584,1676,1768,1846,1942,2038,2133,2230,2325,2423,2574,2668",
                        "endColumns": "94,92,99,81,96,107,75,75,91,93,91,95,95,93,95,91,91,91,77,95,95,94,96,94,97,150,93,77",
                        "endOffsets": "195,288,388,470,567,675,751,827,919,1013,1105,1201,1297,1391,1487,1579,1671,1763,1841,1937,2033,2128,2225,2320,2418,2569,2663,2741"
                    },
                    "to": {
                        "startLines": "2,3,4,5,6,7,8,9,10,11,12,13,14,15,16,17,18,19,20,21,22,23,24,25,26,27,28,31",
                        "startColumns": "4,4,4,4,4,4,4,4,4,4,4,4,4,4,4,4,4,4,4,4,4,4,4,4,4,4,4,4",
                        "startOffsets": "105,200,293,393,475,572,680,756,832,924,1018,1110,1206,1302,1396,1492,1584,1676,1768,1846,1942,2038,2133,2230,2325,2423,2574,2867",
                        "endColumns": "94,92,99,81,96,107,75,75,91,93,91,95,95,93,95,91,91,91,77,95,95,94,96,94,97,150,93,77",
                        "endOffsets": "195,288,388,470,567,675,751,827,919,1013,1105,1201,1297,1391,1487,1579,1671,1763,1841,1937,2033,2128,2225,2320,2418,2569,2663,2940"
                    }
                }
            ]
        }
    ]
}