{
    "logs": [
        {
            "outputFile": "/Users/naseemhamed/AndroidStudioProjects/MomentumDrawer/app/build/intermediates/incremental/mergeDebugResources/merged.dir/values-as/values-as.xml",
            "map": [
                {
                    "source": "/Users/naseemhamed/.gradle/caches/transforms-2/files-2.1/697f71c0c12135256cbfe98df498a7e4/appcompat-1.0.2/res/values-as/values-as.xml",
                    "from": {
                        "startLines": "2,3,4,5,6,7,8,9,10,11,12,13,14,15,16,17,18,19,20,21,22,23,24,25,26,27,28,29",
                        "startColumns": "4,4,4,4,4,4,4,4,4,4,4,4,4,4,4,4,4,4,4,4,4,4,4,4,4,4,4,4",
                        "startOffsets": "105,213,312,419,515,617,736,816,896,987,1080,1173,1268,1368,1461,1558,1652,1743,1834,1923,2025,2140,2243,2352,2471,2591,2758,2861",
                        "endColumns": "107,98,106,95,101,118,79,79,90,92,92,94,99,92,96,93,90,90,88,101,114,102,108,118,119,166,102,88",
                        "endOffsets": "208,307,414,510,612,731,811,891,982,1075,1168,1263,1363,1456,1553,1647,1738,1829,1918,2020,2135,2238,2347,2466,2586,2753,2856,2945"
                    },
                    "to": {
                        "startLines": "2,3,4,5,6,7,8,9,10,11,12,13,14,15,16,17,18,19,20,21,22,23,24,25,26,27,28,31",
                        "startColumns": "4,4,4,4,4,4,4,4,4,4,4,4,4,4,4,4,4,4,4,4,4,4,4,4,4,4,4,4",
                        "startOffsets": "105,213,312,419,515,617,736,816,896,987,1080,1173,1268,1368,1461,1558,1652,1743,1834,1923,2025,2140,2243,2352,2471,2591,2758,3083",
                        "endColumns": "107,98,106,95,101,118,79,79,90,92,92,94,99,92,96,93,90,90,88,101,114,102,108,118,119,166,102,88",
                        "endOffsets": "208,307,414,510,612,731,811,891,982,1075,1168,1263,1363,1456,1553,1647,1738,1829,1918,2020,2135,2238,2347,2466,2586,2753,2856,3167"
                    }
                },
                {
                    "source": "/Users/naseemhamed/.gradle/caches/transforms-2/files-2.1/8f8ab13dc8f4e84e14a8bb3d9ac92bc4/core-1.0.1/res/values-as/values-as.xml",
                    "from": {
                        "startLines": "2",
                        "startColumns": "4",
                        "startOffsets": "55",
                        "endColumns": "100",
                        "endOffsets": "151"
                    },
                    "to": {
                        "startLines": "32",
                        "startColumns": "4",
                        "startOffsets": "3172",
                        "endColumns": "100",
                        "endOffsets": "3268"
                    }
                },
                {
                    "source": "/Users/naseemhamed/.gradle/caches/transforms-2/files-2.1/5f3e94dac9e0a5a8e5257f851df7be62/jetified-navigation-ui-2.0.0/res/values-as/values-as.xml",
                    "from": {
                        "startLines": "2,3",
                        "startColumns": "4,4",
                        "startOffsets": "55,160",
                        "endColumns": "104,116",
                        "endOffsets": "155,272"
                    },
                    "to": {
                        "startLines": "29,30",
                        "startColumns": "4,4",
                        "startOffsets": "2861,2966",
                        "endColumns": "104,116",
                        "endOffsets": "2961,3078"
                    }
                }
            ]
        }
    ]
}