{
    "logs": [
        {
            "outputFile": "/Users/naseemhamed/AndroidStudioProjects/MomentumDrawer/app/build/intermediates/incremental/mergeDebugResources/merged.dir/values-sl/values-sl.xml",
            "map": [
                {
                    "source": "/Users/naseemhamed/.gradle/caches/transforms-2/files-2.1/697f71c0c12135256cbfe98df498a7e4/appcompat-1.0.2/res/values-sl/values-sl.xml",
                    "from": {
                        "startLines": "2,3,4,5,6,7,8,9,10,11,12,13,14,15,16,17,18,19,20,21,22,23,24,25,26,27,28,29",
                        "startColumns": "4,4,4,4,4,4,4,4,4,4,4,4,4,4,4,4,4,4,4,4,4,4,4,4,4,4,4,4",
                        "startOffsets": "105,212,319,427,514,617,736,821,905,997,1091,1187,1281,1377,1471,1567,1667,1759,1851,1935,2043,2152,2252,2365,2472,2576,2756,2853",
                        "endColumns": "106,106,107,86,102,118,84,83,91,93,95,93,95,93,95,99,91,91,83,107,108,99,112,106,103,179,96,82",
                        "endOffsets": "207,314,422,509,612,731,816,900,992,1086,1182,1276,1372,1466,1562,1662,1754,1846,1930,2038,2147,2247,2360,2467,2571,2751,2848,2931"
                    },
                    "to": {
                        "startLines": "2,3,4,5,6,7,8,9,10,11,12,13,14,15,16,17,18,19,20,21,22,23,24,25,26,27,28,31",
                        "startColumns": "4,4,4,4,4,4,4,4,4,4,4,4,4,4,4,4,4,4,4,4,4,4,4,4,4,4,4,4",
                        "startOffsets": "105,212,319,427,514,617,736,821,905,997,1091,1187,1281,1377,1471,1567,1667,1759,1851,1935,2043,2152,2252,2365,2472,2576,2756,3082",
                        "endColumns": "106,106,107,86,102,118,84,83,91,93,95,93,95,93,95,99,91,91,83,107,108,99,112,106,103,179,96,82",
                        "endOffsets": "207,314,422,509,612,731,816,900,992,1086,1182,1276,1372,1466,1562,1662,1754,1846,1930,2038,2147,2247,2360,2467,2571,2751,2848,3160"
                    }
                },
                {
                    "source": "/Users/naseemhamed/.gradle/caches/transforms-2/files-2.1/5f3e94dac9e0a5a8e5257f851df7be62/jetified-navigation-ui-2.0.0/res/values-sl/values-sl.xml",
                    "from": {
                        "startLines": "2,3",
                        "startColumns": "4,4",
                        "startOffsets": "55,163",
                        "endColumns": "107,120",
                        "endOffsets": "158,279"
                    },
                    "to": {
                        "startLines": "29,30",
                        "startColumns": "4,4",
                        "startOffsets": "2853,2961",
                        "endColumns": "107,120",
                        "endOffsets": "2956,3077"
                    }
                },
                {
                    "source": "/Users/naseemhamed/.gradle/caches/transforms-2/files-2.1/8f8ab13dc8f4e84e14a8bb3d9ac92bc4/core-1.0.1/res/values-sl/values-sl.xml",
                    "from": {
                        "startLines": "2",
                        "startColumns": "4",
                        "startOffsets": "55",
                        "endColumns": "100",
                        "endOffsets": "151"
                    },
                    "to": {
                        "startLines": "32",
                        "startColumns": "4",
                        "startOffsets": "3165",
                        "endColumns": "100",
                        "endOffsets": "3261"
                    }
                }
            ]
        }
    ]
}