{
    "logs": [
        {
            "outputFile": "/Users/naseemhamed/AndroidStudioProjects/MomentumDrawer/app/build/intermediates/incremental/mergeDebugResources/merged.dir/values-is/values-is.xml",
            "map": [
                {
                    "source": "/Users/naseemhamed/.gradle/caches/transforms-2/files-2.1/697f71c0c12135256cbfe98df498a7e4/appcompat-1.0.2/res/values-is/values-is.xml",
                    "from": {
                        "startLines": "2,3,4,5,6,7,8,9,10,11,12,13,14,15,16,17,18,19,20,21,22,23,24,25,26,27,28,29",
                        "startColumns": "4,4,4,4,4,4,4,4,4,4,4,4,4,4,4,4,4,4,4,4,4,4,4,4,4,4,4,4",
                        "startOffsets": "105,205,302,414,499,600,714,794,874,965,1058,1154,1248,1355,1448,1543,1638,1729,1823,1904,2014,2122,2220,2329,2428,2531,2686,2784",
                        "endColumns": "99,96,111,84,100,113,79,79,90,92,95,93,106,92,94,94,90,93,80,109,107,97,108,98,102,154,97,80",
                        "endOffsets": "200,297,409,494,595,709,789,869,960,1053,1149,1243,1350,1443,1538,1633,1724,1818,1899,2009,2117,2215,2324,2423,2526,2681,2779,2860"
                    },
                    "to": {
                        "startLines": "2,3,4,5,6,7,8,9,10,11,12,13,14,15,16,17,18,19,20,21,22,23,24,25,26,27,28,31",
                        "startColumns": "4,4,4,4,4,4,4,4,4,4,4,4,4,4,4,4,4,4,4,4,4,4,4,4,4,4,4,4",
                        "startOffsets": "105,205,302,414,499,600,714,794,874,965,1058,1154,1248,1355,1448,1543,1638,1729,1823,1904,2014,2122,2220,2329,2428,2531,2686,3001",
                        "endColumns": "99,96,111,84,100,113,79,79,90,92,95,93,106,92,94,94,90,93,80,109,107,97,108,98,102,154,97,80",
                        "endOffsets": "200,297,409,494,595,709,789,869,960,1053,1149,1243,1350,1443,1538,1633,1724,1818,1899,2009,2117,2215,2324,2423,2526,2681,2779,3077"
                    }
                },
                {
                    "source": "/Users/naseemhamed/.gradle/caches/transforms-2/files-2.1/8f8ab13dc8f4e84e14a8bb3d9ac92bc4/core-1.0.1/res/values-is/values-is.xml",
                    "from": {
                        "startLines": "2",
                        "startColumns": "4",
                        "startOffsets": "55",
                        "endColumns": "100",
                        "endOffsets": "151"
                    },
                    "to": {
                        "startLines": "32",
                        "startColumns": "4",
                        "startOffsets": "3082",
                        "endColumns": "100",
                        "endOffsets": "3178"
                    }
                },
                {
                    "source": "/Users/naseemhamed/.gradle/caches/transforms-2/files-2.1/5f3e94dac9e0a5a8e5257f851df7be62/jetified-navigation-ui-2.0.0/res/values-is/values-is.xml",
                    "from": {
                        "startLines": "2,3",
                        "startColumns": "4,4",
                        "startOffsets": "55,158",
                        "endColumns": "102,113",
                        "endOffsets": "153,267"
                    },
                    "to": {
                        "startLines": "29,30",
                        "startColumns": "4,4",
                        "startOffsets": "2784,2887",
                        "endColumns": "102,113",
                        "endOffsets": "2882,2996"
                    }
                }
            ]
        }
    ]
}