{
    "logs": [
        {
            "outputFile": "/Users/naseemhamed/AndroidStudioProjects/MomentumDrawer/app/build/intermediates/incremental/mergeDebugResources/merged.dir/values-mk/values-mk.xml",
            "map": [
                {
                    "source": "/Users/naseemhamed/.gradle/caches/transforms-2/files-2.1/5f3e94dac9e0a5a8e5257f851df7be62/jetified-navigation-ui-2.0.0/res/values-mk/values-mk.xml",
                    "from": {
                        "startLines": "2,3",
                        "startColumns": "4,4",
                        "startOffsets": "55,160",
                        "endColumns": "104,127",
                        "endOffsets": "155,283"
                    },
                    "to": {
                        "startLines": "29,30",
                        "startColumns": "4,4",
                        "startOffsets": "2861,2966",
                        "endColumns": "104,127",
                        "endOffsets": "2961,3089"
                    }
                },
                {
                    "source": "/Users/naseemhamed/.gradle/caches/transforms-2/files-2.1/697f71c0c12135256cbfe98df498a7e4/appcompat-1.0.2/res/values-mk/values-mk.xml",
                    "from": {
                        "startLines": "2,3,4,5,6,7,8,9,10,11,12,13,14,15,16,17,18,19,20,21,22,23,24,25,26,27,28,29",
                        "startColumns": "4,4,4,4,4,4,4,4,4,4,4,4,4,4,4,4,4,4,4,4,4,4,4,4,4,4,4,4",
                        "startOffsets": "105,213,317,425,511,616,735,818,900,997,1096,1193,1293,1400,1499,1600,1696,1793,1884,1971,2077,2184,2285,2392,2503,2607,2763,2861",
                        "endColumns": "107,103,107,85,104,118,82,81,96,98,96,99,106,98,100,95,96,90,86,105,106,100,106,110,103,155,97,83",
                        "endOffsets": "208,312,420,506,611,730,813,895,992,1091,1188,1288,1395,1494,1595,1691,1788,1879,1966,2072,2179,2280,2387,2498,2602,2758,2856,2940"
                    },
                    "to": {
                        "startLines": "2,3,4,5,6,7,8,9,10,11,12,13,14,15,16,17,18,19,20,21,22,23,24,25,26,27,28,31",
                        "startColumns": "4,4,4,4,4,4,4,4,4,4,4,4,4,4,4,4,4,4,4,4,4,4,4,4,4,4,4,4",
                        "startOffsets": "105,213,317,425,511,616,735,818,900,997,1096,1193,1293,1400,1499,1600,1696,1793,1884,1971,2077,2184,2285,2392,2503,2607,2763,3094",
                        "endColumns": "107,103,107,85,104,118,82,81,96,98,96,99,106,98,100,95,96,90,86,105,106,100,106,110,103,155,97,83",
                        "endOffsets": "208,312,420,506,611,730,813,895,992,1091,1188,1288,1395,1494,1595,1691,1788,1879,1966,2072,2179,2280,2387,2498,2602,2758,2856,3173"
                    }
                },
                {
                    "source": "/Users/naseemhamed/.gradle/caches/transforms-2/files-2.1/8f8ab13dc8f4e84e14a8bb3d9ac92bc4/core-1.0.1/res/values-mk/values-mk.xml",
                    "from": {
                        "startLines": "2",
                        "startColumns": "4",
                        "startOffsets": "55",
                        "endColumns": "100",
                        "endOffsets": "151"
                    },
                    "to": {
                        "startLines": "32",
                        "startColumns": "4",
                        "startOffsets": "3178",
                        "endColumns": "100",
                        "endOffsets": "3274"
                    }
                }
            ]
        }
    ]
}