{
    "logs": [
        {
            "outputFile": "/Users/naseemhamed/AndroidStudioProjects/MomentumDrawer/app/build/intermediates/incremental/mergeDebugResources/merged.dir/values-pt-rPT/values-pt-rPT.xml",
            "map": [
                {
                    "source": "/Users/naseemhamed/.gradle/caches/transforms-2/files-2.1/8f8ab13dc8f4e84e14a8bb3d9ac92bc4/core-1.0.1/res/values-pt-rPT/values-pt-rPT.xml",
                    "from": {
                        "startLines": "2",
                        "startColumns": "4",
                        "startOffsets": "55",
                        "endColumns": "100",
                        "endOffsets": "151"
                    },
                    "to": {
                        "startLines": "32",
                        "startColumns": "4",
                        "startOffsets": "3181",
                        "endColumns": "100",
                        "endOffsets": "3277"
                    }
                },
                {
                    "source": "/Users/naseemhamed/.gradle/caches/transforms-2/files-2.1/5f3e94dac9e0a5a8e5257f851df7be62/jetified-navigation-ui-2.0.0/res/values-pt-rPT/values-pt-rPT.xml",
                    "from": {
                        "startLines": "2,3",
                        "startColumns": "4,4",
                        "startOffsets": "55,167",
                        "endColumns": "111,119",
                        "endOffsets": "162,282"
                    },
                    "to": {
                        "startLines": "29,30",
                        "startColumns": "4,4",
                        "startOffsets": "2864,2976",
                        "endColumns": "111,119",
                        "endOffsets": "2971,3091"
                    }
                },
                {
                    "source": "/Users/naseemhamed/.gradle/caches/transforms-2/files-2.1/697f71c0c12135256cbfe98df498a7e4/appcompat-1.0.2/res/values-pt-rPT/values-pt-rPT.xml",
                    "from": {
                        "startLines": "2,3,4,5,6,7,8,9,10,11,12,13,14,15,16,17,18,19,20,21,22,23,24,25,26,27,28,29",
                        "startColumns": "4,4,4,4,4,4,4,4,4,4,4,4,4,4,4,4,4,4,4,4,4,4,4,4,4,4,4,4",
                        "startOffsets": "105,225,331,438,527,628,752,836,917,1009,1103,1201,1295,1395,1489,1585,1680,1772,1864,1951,2058,2170,2272,2380,2487,2594,2765,2864",
                        "endColumns": "119,105,106,88,100,123,83,80,91,93,97,93,99,93,95,94,91,91,86,106,111,101,107,106,106,170,98,84",
                        "endOffsets": "220,326,433,522,623,747,831,912,1004,1098,1196,1290,1390,1484,1580,1675,1767,1859,1946,2053,2165,2267,2375,2482,2589,2760,2859,2944"
                    },
                    "to": {
                        "startLines": "2,3,4,5,6,7,8,9,10,11,12,13,14,15,16,17,18,19,20,21,22,23,24,25,26,27,28,31",
                        "startColumns": "4,4,4,4,4,4,4,4,4,4,4,4,4,4,4,4,4,4,4,4,4,4,4,4,4,4,4,4",
                        "startOffsets": "105,225,331,438,527,628,752,836,917,1009,1103,1201,1295,1395,1489,1585,1680,1772,1864,1951,2058,2170,2272,2380,2487,2594,2765,3096",
                        "endColumns": "119,105,106,88,100,123,83,80,91,93,97,93,99,93,95,94,91,91,86,106,111,101,107,106,106,170,98,84",
                        "endOffsets": "220,326,433,522,623,747,831,912,1004,1098,1196,1290,1390,1484,1580,1675,1767,1859,1946,2053,2165,2267,2375,2482,2589,2760,2859,3176"
                    }
                }
            ]
        }
    ]
}