{
    "logs": [
        {
            "outputFile": "/Users/naseemhamed/AndroidStudioProjects/MomentumDrawer/app/build/intermediates/incremental/mergeDebugResources/merged.dir/values-af/values-af.xml",
            "map": [
                {
                    "source": "/Users/naseemhamed/.gradle/caches/transforms-2/files-2.1/697f71c0c12135256cbfe98df498a7e4/appcompat-1.0.2/res/values-af/values-af.xml",
                    "from": {
                        "startLines": "2,3,4,5,6,7,8,9,10,11,12,13,14,15,16,17,18,19,20,21,22,23,24,25,26,27,28,29",
                        "startColumns": "4,4,4,4,4,4,4,4,4,4,4,4,4,4,4,4,4,4,4,4,4,4,4,4,4,4,4,4",
                        "startOffsets": "105,209,309,415,500,603,721,797,874,965,1058,1154,1248,1348,1441,1536,1635,1730,1824,1905,2012,2115,2212,2320,2422,2524,2678,2776",
                        "endColumns": "103,99,105,84,102,117,75,76,90,92,95,93,99,92,94,98,94,93,80,106,102,96,107,101,101,153,97,79",
                        "endOffsets": "204,304,410,495,598,716,792,869,960,1053,1149,1243,1343,1436,1531,1630,1725,1819,1900,2007,2110,2207,2315,2417,2519,2673,2771,2851"
                    },
                    "to": {
                        "startLines": "2,3,4,5,6,7,8,9,10,11,12,13,14,15,16,17,18,19,20,21,22,23,24,25,26,27,28,31",
                        "startColumns": "4,4,4,4,4,4,4,4,4,4,4,4,4,4,4,4,4,4,4,4,4,4,4,4,4,4,4,4",
                        "startOffsets": "105,209,309,415,500,603,721,797,874,965,1058,1154,1248,1348,1441,1536,1635,1730,1824,1905,2012,2115,2212,2320,2422,2524,2678,2995",
                        "endColumns": "103,99,105,84,102,117,75,76,90,92,95,93,99,92,94,98,94,93,80,106,102,96,107,101,101,153,97,79",
                        "endOffsets": "204,304,410,495,598,716,792,869,960,1053,1149,1243,1343,1436,1531,1630,1725,1819,1900,2007,2110,2207,2315,2417,2519,2673,2771,3070"
                    }
                },
                {
                    "source": "/Users/naseemhamed/.gradle/caches/transforms-2/files-2.1/5f3e94dac9e0a5a8e5257f851df7be62/jetified-navigation-ui-2.0.0/res/values-af/values-af.xml",
                    "from": {
                        "startLines": "2,3",
                        "startColumns": "4,4",
                        "startOffsets": "55,157",
                        "endColumns": "101,116",
                        "endOffsets": "152,269"
                    },
                    "to": {
                        "startLines": "29,30",
                        "startColumns": "4,4",
                        "startOffsets": "2776,2878",
                        "endColumns": "101,116",
                        "endOffsets": "2873,2990"
                    }
                },
                {
                    "source": "/Users/naseemhamed/.gradle/caches/transforms-2/files-2.1/8f8ab13dc8f4e84e14a8bb3d9ac92bc4/core-1.0.1/res/values-af/values-af.xml",
                    "from": {
                        "startLines": "2",
                        "startColumns": "4",
                        "startOffsets": "55",
                        "endColumns": "100",
                        "endOffsets": "151"
                    },
                    "to": {
                        "startLines": "32",
                        "startColumns": "4",
                        "startOffsets": "3075",
                        "endColumns": "100",
                        "endOffsets": "3171"
                    }
                }
            ]
        }
    ]
}