{
    "logs": [
        {
            "outputFile": "/Users/naseemhamed/AndroidStudioProjects/MomentumDrawer/app/build/intermediates/incremental/mergeDebugResources/merged.dir/values-gu/values-gu.xml",
            "map": [
                {
                    "source": "/Users/naseemhamed/.gradle/caches/transforms-2/files-2.1/8f8ab13dc8f4e84e14a8bb3d9ac92bc4/core-1.0.1/res/values-gu/values-gu.xml",
                    "from": {
                        "startLines": "2",
                        "startColumns": "4",
                        "startOffsets": "55",
                        "endColumns": "100",
                        "endOffsets": "151"
                    },
                    "to": {
                        "startLines": "32",
                        "startColumns": "4",
                        "startOffsets": "3107",
                        "endColumns": "100",
                        "endOffsets": "3203"
                    }
                },
                {
                    "source": "/Users/naseemhamed/.gradle/caches/transforms-2/files-2.1/5f3e94dac9e0a5a8e5257f851df7be62/jetified-navigation-ui-2.0.0/res/values-gu/values-gu.xml",
                    "from": {
                        "startLines": "2,3",
                        "startColumns": "4,4",
                        "startOffsets": "55,165",
                        "endColumns": "109,114",
                        "endOffsets": "160,275"
                    },
                    "to": {
                        "startLines": "29,30",
                        "startColumns": "4,4",
                        "startOffsets": "2802,2912",
                        "endColumns": "109,114",
                        "endOffsets": "2907,3022"
                    }
                },
                {
                    "source": "/Users/naseemhamed/.gradle/caches/transforms-2/files-2.1/697f71c0c12135256cbfe98df498a7e4/appcompat-1.0.2/res/values-gu/values-gu.xml",
                    "from": {
                        "startLines": "2,3,4,5,6,7,8,9,10,11,12,13,14,15,16,17,18,19,20,21,22,23,24,25,26,27,28,29",
                        "startColumns": "4,4,4,4,4,4,4,4,4,4,4,4,4,4,4,4,4,4,4,4,4,4,4,4,4,4,4,4",
                        "startOffsets": "105,214,318,425,512,613,736,813,891,982,1075,1174,1268,1369,1462,1557,1654,1745,1836,1916,2022,2124,2221,2330,2429,2539,2699,2802",
                        "endColumns": "108,103,106,86,100,122,76,77,90,92,98,93,100,92,94,96,90,90,79,105,101,96,108,98,109,159,102,79",
                        "endOffsets": "209,313,420,507,608,731,808,886,977,1070,1169,1263,1364,1457,1552,1649,1740,1831,1911,2017,2119,2216,2325,2424,2534,2694,2797,2877"
                    },
                    "to": {
                        "startLines": "2,3,4,5,6,7,8,9,10,11,12,13,14,15,16,17,18,19,20,21,22,23,24,25,26,27,28,31",
                        "startColumns": "4,4,4,4,4,4,4,4,4,4,4,4,4,4,4,4,4,4,4,4,4,4,4,4,4,4,4,4",
                        "startOffsets": "105,214,318,425,512,613,736,813,891,982,1075,1174,1268,1369,1462,1557,1654,1745,1836,1916,2022,2124,2221,2330,2429,2539,2699,3027",
                        "endColumns": "108,103,106,86,100,122,76,77,90,92,98,93,100,92,94,96,90,90,79,105,101,96,108,98,109,159,102,79",
                        "endOffsets": "209,313,420,507,608,731,808,886,977,1070,1169,1263,1364,1457,1552,1649,1740,1831,1911,2017,2119,2216,2325,2424,2534,2694,2797,3102"
                    }
                }
            ]
        }
    ]
}